-- phpMyAdmin SQL Dump
-- version 5.2.1
-- https://www.phpmyadmin.net/
--
-- Máy chủ: 127.0.0.1
-- Thời gian đã tạo: Th8 08, 2024 lúc 12:45 PM
-- Phiên bản máy phục vụ: 10.4.28-MariaDB
-- Phiên bản PHP: 8.2.4

SET SQL_MODE = "NO_AUTO_VALUE_ON_ZERO";
START TRANSACTION;
SET time_zone = "+00:00";


/*!40101 SET @OLD_CHARACTER_SET_CLIENT=@@CHARACTER_SET_CLIENT */;
/*!40101 SET @OLD_CHARACTER_SET_RESULTS=@@CHARACTER_SET_RESULTS */;
/*!40101 SET @OLD_COLLATION_CONNECTION=@@COLLATION_CONNECTION */;
/*!40101 SET NAMES utf8mb4 */;

--
-- Cơ sở dữ liệu: `lab_2`
--

-- --------------------------------------------------------

--
-- Cấu trúc bảng cho bảng `cache`
--

CREATE TABLE `cache` (
  `key` varchar(255) NOT NULL,
  `value` mediumtext NOT NULL,
  `expiration` int(11) NOT NULL
) ENGINE=InnoDB DEFAULT CHARSET=utf8mb4 COLLATE=utf8mb4_unicode_ci;

--
-- Đang đổ dữ liệu cho bảng `cache`
--

INSERT INTO `cache` (`key`, `value`, `expiration`) VALUES
('huuchien@gmail.com|127.0.0.1', 'i:2;', 1722441958),
('huuchien@gmail.com|127.0.0.1:timer', 'i:1722441958;', 1722441958),
('phanhuuchien@gmail.com|127.0.0.1', 'i:1;', 1722916368),
('phanhuuchien@gmail.com|127.0.0.1:timer', 'i:1722916368;', 1722916368);

-- --------------------------------------------------------

--
-- Cấu trúc bảng cho bảng `cache_locks`
--

CREATE TABLE `cache_locks` (
  `key` varchar(255) NOT NULL,
  `owner` varchar(255) NOT NULL,
  `expiration` int(11) NOT NULL
) ENGINE=InnoDB DEFAULT CHARSET=utf8mb4 COLLATE=utf8mb4_unicode_ci;

-- --------------------------------------------------------

--
-- Cấu trúc bảng cho bảng `dienthoai`
--

CREATE TABLE `dienthoai` (
  `id` bigint(20) UNSIGNED NOT NULL,
  `tenDT` varchar(30) NOT NULL,
  `moTa` varchar(1000) DEFAULT NULL,
  `ngayCapNhat` datetime NOT NULL,
  `gia` double NOT NULL,
  `giaKM` double DEFAULT NULL,
  `urlHinh` double DEFAULT NULL,
  `soLuong Tonkho` int(11) NOT NULL DEFAULT 0,
  `hot` tinyint(1) NOT NULL DEFAULT 0,
  `anHien` tinyint(1) NOT NULL DEFAULT 1,
  `created_at` timestamp NULL DEFAULT NULL,
  `updated_at` timestamp NULL DEFAULT NULL,
  `baiviet` text DEFAULT NULL,
  `ghichu` varchar(500) DEFAULT NULL,
  `idLoai` bigint(20) UNSIGNED NOT NULL
) ENGINE=InnoDB DEFAULT CHARSET=utf8mb4 COLLATE=utf8mb4_unicode_ci;

--
-- Đang đổ dữ liệu cho bảng `dienthoai`
--

INSERT INTO `dienthoai` (`id`, `tenDT`, `moTa`, `ngayCapNhat`, `gia`, `giaKM`, `urlHinh`, `soLuong Tonkho`, `hot`, `anHien`, `created_at`, `updated_at`, `baiviet`, `ghichu`, `idLoai`) VALUES
(1, 'Oppo XA0', NULL, '2024-07-20 03:17:10', 738890, NULL, NULL, 0, 0, 1, NULL, NULL, NULL, NULL, 2),
(2, 'Iphone xs Max0', NULL, '2024-07-20 03:17:10', 581002, NULL, NULL, 0, 0, 1, NULL, NULL, NULL, NULL, 3),
(3, 'Nokia Pro0', NULL, '2024-07-20 03:17:10', 461852, NULL, NULL, 0, 0, 1, NULL, NULL, NULL, NULL, 1),
(4, 'Oppo XA1', NULL, '2024-07-20 03:17:10', 856895, NULL, NULL, 0, 0, 1, NULL, NULL, NULL, NULL, 2),
(5, 'Iphone xs Max1', NULL, '2024-07-20 03:17:10', 770933, NULL, NULL, 0, 0, 1, NULL, NULL, NULL, NULL, 3),
(6, 'Nokia Pro1', NULL, '2024-07-20 03:17:10', 400456, NULL, NULL, 0, 0, 1, NULL, NULL, NULL, NULL, 1),
(7, 'Oppo XA2', NULL, '2024-07-20 03:17:10', 910344, NULL, NULL, 0, 0, 1, NULL, NULL, NULL, NULL, 2),
(8, 'Iphone xs Max2', NULL, '2024-07-20 03:17:10', 697909, NULL, NULL, 0, 0, 1, NULL, NULL, NULL, NULL, 3),
(9, 'Nokia Pro2', NULL, '2024-07-20 03:17:10', 444267, NULL, NULL, 0, 0, 1, NULL, NULL, NULL, NULL, 1),
(10, 'Oppo XA3', NULL, '2024-07-20 03:17:10', 950545, NULL, NULL, 0, 0, 1, NULL, NULL, NULL, NULL, 2),
(11, 'Iphone xs Max3', NULL, '2024-07-20 03:17:10', 629167, NULL, NULL, 0, 0, 1, NULL, NULL, NULL, NULL, 3),
(12, 'Nokia Pro3', NULL, '2024-07-20 03:17:10', 267300, NULL, NULL, 0, 0, 1, NULL, NULL, NULL, NULL, 1),
(13, 'Oppo XA4', NULL, '2024-07-20 03:17:10', 748771, NULL, NULL, 0, 0, 1, NULL, NULL, NULL, NULL, 2),
(14, 'Iphone xs Max4', NULL, '2024-07-20 03:17:10', 793546, NULL, NULL, 0, 0, 1, NULL, NULL, NULL, NULL, 3),
(15, 'Nokia Pro4', NULL, '2024-07-20 03:17:10', 460445, NULL, NULL, 0, 0, 1, NULL, NULL, NULL, NULL, 1),
(16, 'Oppo XA5', NULL, '2024-07-20 03:17:10', 762647, NULL, NULL, 0, 0, 1, NULL, NULL, NULL, NULL, 2),
(17, 'Iphone xs Max5', NULL, '2024-07-20 03:17:10', 651381, NULL, NULL, 0, 0, 1, NULL, NULL, NULL, NULL, 3),
(18, 'Nokia Pro5', NULL, '2024-07-20 03:17:10', 309275, NULL, NULL, 0, 0, 1, NULL, NULL, NULL, NULL, 1),
(19, 'Oppo XA6', NULL, '2024-07-20 03:17:10', 742131, NULL, NULL, 0, 0, 1, NULL, NULL, NULL, NULL, 2),
(20, 'Iphone xs Max6', NULL, '2024-07-20 03:17:10', 638719, NULL, NULL, 0, 0, 1, NULL, NULL, NULL, NULL, 3),
(21, 'Nokia Pro6', NULL, '2024-07-20 03:17:10', 435914, NULL, NULL, 0, 0, 1, NULL, NULL, NULL, NULL, 1),
(22, 'Oppo XA7', NULL, '2024-07-20 03:17:10', 892528, NULL, NULL, 0, 0, 1, NULL, NULL, NULL, NULL, 2),
(23, 'Iphone xs Max7', NULL, '2024-07-20 03:17:10', 595123, NULL, NULL, 0, 0, 1, NULL, NULL, NULL, NULL, 3),
(24, 'Nokia Pro7', NULL, '2024-07-20 03:17:10', 321948, NULL, NULL, 0, 0, 1, NULL, NULL, NULL, NULL, 1),
(25, 'Oppo XA8', NULL, '2024-07-20 03:17:10', 933794, NULL, NULL, 0, 0, 1, NULL, NULL, NULL, NULL, 2),
(26, 'Iphone xs Max8', NULL, '2024-07-20 03:17:10', 683936, NULL, NULL, 0, 0, 1, NULL, NULL, NULL, NULL, 3),
(27, 'Nokia Pro8', NULL, '2024-07-20 03:17:10', 287656, NULL, NULL, 0, 0, 1, NULL, NULL, NULL, NULL, 1),
(28, 'Oppo XA9', NULL, '2024-07-20 03:17:10', 746102, NULL, NULL, 0, 0, 1, NULL, NULL, NULL, NULL, 2),
(29, 'Iphone xs Max9', NULL, '2024-07-20 03:17:10', 774408, NULL, NULL, 0, 0, 1, NULL, NULL, NULL, NULL, 3),
(30, 'Nokia Pro9', NULL, '2024-07-20 03:17:10', 299613, NULL, NULL, 0, 0, 1, NULL, NULL, NULL, NULL, 1),
(31, 'Oppo XA10', NULL, '2024-07-20 03:17:10', 731643, NULL, NULL, 0, 0, 1, NULL, NULL, NULL, NULL, 2),
(32, 'Iphone xs Max10', NULL, '2024-07-20 03:17:10', 580641, NULL, NULL, 0, 0, 1, NULL, NULL, NULL, NULL, 3),
(33, 'Nokia Pro10', NULL, '2024-07-20 03:17:10', 464933, NULL, NULL, 0, 0, 1, NULL, NULL, NULL, NULL, 1),
(34, 'Oppo XA11', NULL, '2024-07-20 03:17:10', 933115, NULL, NULL, 0, 0, 1, NULL, NULL, NULL, NULL, 2),
(35, 'Iphone xs Max11', NULL, '2024-07-20 03:17:10', 739604, NULL, NULL, 0, 0, 1, NULL, NULL, NULL, NULL, 3),
(36, 'Nokia Pro11', NULL, '2024-07-20 03:17:10', 267676, NULL, NULL, 0, 0, 1, NULL, NULL, NULL, NULL, 1),
(37, 'Oppo XA12', NULL, '2024-07-20 03:17:10', 735137, NULL, NULL, 0, 0, 1, NULL, NULL, NULL, NULL, 2),
(38, 'Iphone xs Max12', NULL, '2024-07-20 03:17:10', 635090, NULL, NULL, 0, 0, 1, NULL, NULL, NULL, NULL, 3),
(39, 'Nokia Pro12', NULL, '2024-07-20 03:17:10', 264250, NULL, NULL, 0, 0, 1, NULL, NULL, NULL, NULL, 1),
(40, 'Oppo XA13', NULL, '2024-07-20 03:17:10', 761226, NULL, NULL, 0, 0, 1, NULL, NULL, NULL, NULL, 2),
(41, 'Iphone xs Max13', NULL, '2024-07-20 03:17:10', 595279, NULL, NULL, 0, 0, 1, NULL, NULL, NULL, NULL, 3),
(42, 'Nokia Pro13', NULL, '2024-07-20 03:17:10', 318438, NULL, NULL, 0, 0, 1, NULL, NULL, NULL, NULL, 1),
(43, 'Oppo XA14', NULL, '2024-07-20 03:17:10', 850128, NULL, NULL, 0, 0, 1, NULL, NULL, NULL, NULL, 2),
(44, 'Iphone xs Max14', NULL, '2024-07-20 03:17:10', 607604, NULL, NULL, 0, 0, 1, NULL, NULL, NULL, NULL, 3),
(45, 'Nokia Pro14', NULL, '2024-07-20 03:17:10', 321397, NULL, NULL, 0, 0, 1, NULL, NULL, NULL, NULL, 1),
(46, 'Oppo XA15', NULL, '2024-07-20 03:17:10', 754188, NULL, NULL, 0, 0, 1, NULL, NULL, NULL, NULL, 2),
(47, 'Iphone xs Max15', NULL, '2024-07-20 03:17:10', 584888, NULL, NULL, 0, 0, 1, NULL, NULL, NULL, NULL, 3),
(48, 'Nokia Pro15', NULL, '2024-07-20 03:17:10', 437684, NULL, NULL, 0, 0, 1, NULL, NULL, NULL, NULL, 1),
(49, 'Oppo XA16', NULL, '2024-07-20 03:17:10', 924661, NULL, NULL, 0, 0, 1, NULL, NULL, NULL, NULL, 2),
(50, 'Iphone xs Max16', NULL, '2024-07-20 03:17:10', 688997, NULL, NULL, 0, 0, 1, NULL, NULL, NULL, NULL, 3),
(51, 'Nokia Pro16', NULL, '2024-07-20 03:17:10', 361179, NULL, NULL, 0, 0, 1, NULL, NULL, NULL, NULL, 1),
(52, 'Oppo XA17', NULL, '2024-07-20 03:17:10', 702100, NULL, NULL, 0, 0, 1, NULL, NULL, NULL, NULL, 2),
(53, 'Iphone xs Max17', NULL, '2024-07-20 03:17:10', 678886, NULL, NULL, 0, 0, 1, NULL, NULL, NULL, NULL, 3),
(54, 'Nokia Pro17', NULL, '2024-07-20 03:17:10', 390018, NULL, NULL, 0, 0, 1, NULL, NULL, NULL, NULL, 1),
(55, 'Oppo XA18', NULL, '2024-07-20 03:17:10', 834278, NULL, NULL, 0, 0, 1, NULL, NULL, NULL, NULL, 2),
(56, 'Iphone xs Max18', NULL, '2024-07-20 03:17:10', 658077, NULL, NULL, 0, 0, 1, NULL, NULL, NULL, NULL, 3),
(57, 'Nokia Pro18', NULL, '2024-07-20 03:17:10', 296950, NULL, NULL, 0, 0, 1, NULL, NULL, NULL, NULL, 1),
(58, 'Oppo XA19', NULL, '2024-07-20 03:17:10', 930666, NULL, NULL, 0, 0, 1, NULL, NULL, NULL, NULL, 2),
(59, 'Iphone xs Max19', NULL, '2024-07-20 03:17:10', 688103, NULL, NULL, 0, 0, 1, NULL, NULL, NULL, NULL, 3),
(60, 'Nokia Pro19', NULL, '2024-07-20 03:17:10', 339527, NULL, NULL, 0, 0, 1, NULL, NULL, NULL, NULL, 1),
(61, 'Oppo XA20', NULL, '2024-07-20 03:17:10', 977174, NULL, NULL, 0, 0, 1, NULL, NULL, NULL, NULL, 2),
(62, 'Iphone xs Max20', NULL, '2024-07-20 03:17:10', 617030, NULL, NULL, 0, 0, 1, NULL, NULL, NULL, NULL, 3),
(63, 'Nokia Pro20', NULL, '2024-07-20 03:17:10', 366822, NULL, NULL, 0, 0, 1, NULL, NULL, NULL, NULL, 1),
(64, 'Oppo XA21', NULL, '2024-07-20 03:17:10', 999041, NULL, NULL, 0, 0, 1, NULL, NULL, NULL, NULL, 2),
(65, 'Iphone xs Max21', NULL, '2024-07-20 03:17:10', 577619, NULL, NULL, 0, 0, 1, NULL, NULL, NULL, NULL, 3),
(66, 'Nokia Pro21', NULL, '2024-07-20 03:17:10', 393560, NULL, NULL, 0, 0, 1, NULL, NULL, NULL, NULL, 1),
(67, 'Oppo XA22', NULL, '2024-07-20 03:17:10', 812529, NULL, NULL, 0, 0, 1, NULL, NULL, NULL, NULL, 2),
(68, 'Iphone xs Max22', NULL, '2024-07-20 03:17:10', 720566, NULL, NULL, 0, 0, 1, NULL, NULL, NULL, NULL, 3),
(69, 'Nokia Pro22', NULL, '2024-07-20 03:17:10', 256569, NULL, NULL, 0, 0, 1, NULL, NULL, NULL, NULL, 1),
(70, 'Oppo XA23', NULL, '2024-07-20 03:17:10', 952577, NULL, NULL, 0, 0, 1, NULL, NULL, NULL, NULL, 2),
(71, 'Iphone xs Max23', NULL, '2024-07-20 03:17:10', 553581, NULL, NULL, 0, 0, 1, NULL, NULL, NULL, NULL, 3),
(72, 'Nokia Pro23', NULL, '2024-07-20 03:17:10', 390138, NULL, NULL, 0, 0, 1, NULL, NULL, NULL, NULL, 1),
(73, 'Oppo XA24', NULL, '2024-07-20 03:17:10', 940661, NULL, NULL, 0, 0, 1, NULL, NULL, NULL, NULL, 2),
(74, 'Iphone xs Max24', NULL, '2024-07-20 03:17:10', 707057, NULL, NULL, 0, 0, 1, NULL, NULL, NULL, NULL, 3),
(75, 'Nokia Pro24', NULL, '2024-07-20 03:17:10', 289862, NULL, NULL, 0, 0, 1, NULL, NULL, NULL, NULL, 1),
(76, 'Oppo XA25', NULL, '2024-07-20 03:17:10', 747864, NULL, NULL, 0, 0, 1, NULL, NULL, NULL, NULL, 2),
(77, 'Iphone xs Max25', NULL, '2024-07-20 03:17:10', 761314, NULL, NULL, 0, 0, 1, NULL, NULL, NULL, NULL, 3),
(78, 'Nokia Pro25', NULL, '2024-07-20 03:17:10', 397447, NULL, NULL, 0, 0, 1, NULL, NULL, NULL, NULL, 1),
(79, 'Oppo XA26', NULL, '2024-07-20 03:17:10', 942129, NULL, NULL, 0, 0, 1, NULL, NULL, NULL, NULL, 2),
(80, 'Iphone xs Max26', NULL, '2024-07-20 03:17:10', 670202, NULL, NULL, 0, 0, 1, NULL, NULL, NULL, NULL, 3),
(81, 'Nokia Pro26', NULL, '2024-07-20 03:17:10', 379557, NULL, NULL, 0, 0, 1, NULL, NULL, NULL, NULL, 1),
(82, 'Oppo XA27', NULL, '2024-07-20 03:17:10', 897204, NULL, NULL, 0, 0, 1, NULL, NULL, NULL, NULL, 2),
(83, 'Iphone xs Max27', NULL, '2024-07-20 03:17:10', 537855, NULL, NULL, 0, 0, 1, NULL, NULL, NULL, NULL, 3),
(84, 'Nokia Pro27', NULL, '2024-07-20 03:17:10', 415154, NULL, NULL, 0, 0, 1, NULL, NULL, NULL, NULL, 1),
(85, 'Oppo XA28', NULL, '2024-07-20 03:17:10', 982793, NULL, NULL, 0, 0, 1, NULL, NULL, NULL, NULL, 2),
(86, 'Iphone xs Max28', NULL, '2024-07-20 03:17:10', 681309, NULL, NULL, 0, 0, 1, NULL, NULL, NULL, NULL, 3),
(87, 'Nokia Pro28', NULL, '2024-07-20 03:17:10', 468565, NULL, NULL, 0, 0, 1, NULL, NULL, NULL, NULL, 1),
(88, 'Oppo XA29', NULL, '2024-07-20 03:17:10', 938702, NULL, NULL, 0, 0, 1, NULL, NULL, NULL, NULL, 2),
(89, 'Iphone xs Max29', NULL, '2024-07-20 03:17:10', 707867, NULL, NULL, 0, 0, 1, NULL, NULL, NULL, NULL, 3),
(90, 'Nokia Pro29', NULL, '2024-07-20 03:17:10', 410482, NULL, NULL, 0, 0, 1, NULL, NULL, NULL, NULL, 1),
(91, 'Oppo XA30', NULL, '2024-07-20 03:17:10', 991320, NULL, NULL, 0, 0, 1, NULL, NULL, NULL, NULL, 2),
(92, 'Iphone xs Max30', NULL, '2024-07-20 03:17:10', 566096, NULL, NULL, 0, 0, 1, NULL, NULL, NULL, NULL, 3),
(93, 'Nokia Pro30', NULL, '2024-07-20 03:17:10', 417280, NULL, NULL, 0, 0, 1, NULL, NULL, NULL, NULL, 1),
(94, 'Oppo XA31', NULL, '2024-07-20 03:17:10', 722195, NULL, NULL, 0, 0, 1, NULL, NULL, NULL, NULL, 2),
(95, 'Iphone xs Max31', NULL, '2024-07-20 03:17:10', 607193, NULL, NULL, 0, 0, 1, NULL, NULL, NULL, NULL, 3),
(96, 'Nokia Pro31', NULL, '2024-07-20 03:17:10', 378497, NULL, NULL, 0, 0, 1, NULL, NULL, NULL, NULL, 1),
(97, 'Oppo XA32', NULL, '2024-07-20 03:17:10', 816052, NULL, NULL, 0, 0, 1, NULL, NULL, NULL, NULL, 2),
(98, 'Iphone xs Max32', NULL, '2024-07-20 03:17:10', 789185, NULL, NULL, 0, 0, 1, NULL, NULL, NULL, NULL, 3),
(99, 'Nokia Pro32', NULL, '2024-07-20 03:17:10', 488411, NULL, NULL, 0, 0, 1, NULL, NULL, NULL, NULL, 1),
(100, 'Oppo XA33', NULL, '2024-07-20 03:17:10', 863281, NULL, NULL, 0, 0, 1, NULL, NULL, NULL, NULL, 2),
(101, 'Iphone xs Max33', NULL, '2024-07-20 03:17:10', 503687, NULL, NULL, 0, 0, 1, NULL, NULL, NULL, NULL, 3),
(102, 'Nokia Pro33', NULL, '2024-07-20 03:17:10', 426696, NULL, NULL, 0, 0, 1, NULL, NULL, NULL, NULL, 1),
(103, 'Oppo XA34', NULL, '2024-07-20 03:17:10', 728271, NULL, NULL, 0, 0, 1, NULL, NULL, NULL, NULL, 2),
(104, 'Iphone xs Max34', NULL, '2024-07-20 03:17:10', 654763, NULL, NULL, 0, 0, 1, NULL, NULL, NULL, NULL, 3),
(105, 'Nokia Pro34', NULL, '2024-07-20 03:17:10', 398994, NULL, NULL, 0, 0, 1, NULL, NULL, NULL, NULL, 1),
(106, 'Oppo XA35', NULL, '2024-07-20 03:17:10', 984348, NULL, NULL, 0, 0, 1, NULL, NULL, NULL, NULL, 2),
(107, 'Iphone xs Max35', NULL, '2024-07-20 03:17:10', 648309, NULL, NULL, 0, 0, 1, NULL, NULL, NULL, NULL, 3),
(108, 'Nokia Pro35', NULL, '2024-07-20 03:17:10', 273444, NULL, NULL, 0, 0, 1, NULL, NULL, NULL, NULL, 1),
(109, 'Oppo XA36', NULL, '2024-07-20 03:17:10', 752443, NULL, NULL, 0, 0, 1, NULL, NULL, NULL, NULL, 2),
(110, 'Iphone xs Max36', NULL, '2024-07-20 03:17:10', 627576, NULL, NULL, 0, 0, 1, NULL, NULL, NULL, NULL, 3),
(111, 'Nokia Pro36', NULL, '2024-07-20 03:17:10', 308758, NULL, NULL, 0, 0, 1, NULL, NULL, NULL, NULL, 1),
(112, 'Oppo XA37', NULL, '2024-07-20 03:17:10', 716439, NULL, NULL, 0, 0, 1, NULL, NULL, NULL, NULL, 2),
(113, 'Iphone xs Max37', NULL, '2024-07-20 03:17:10', 601267, NULL, NULL, 0, 0, 1, NULL, NULL, NULL, NULL, 3),
(114, 'Nokia Pro37', NULL, '2024-07-20 03:17:10', 275973, NULL, NULL, 0, 0, 1, NULL, NULL, NULL, NULL, 1),
(115, 'Oppo XA38', NULL, '2024-07-20 03:17:10', 821094, NULL, NULL, 0, 0, 1, NULL, NULL, NULL, NULL, 2),
(116, 'Iphone xs Max38', NULL, '2024-07-20 03:17:10', 631058, NULL, NULL, 0, 0, 1, NULL, NULL, NULL, NULL, 3),
(117, 'Nokia Pro38', NULL, '2024-07-20 03:17:10', 361704, NULL, NULL, 0, 0, 1, NULL, NULL, NULL, NULL, 1),
(118, 'Oppo XA39', NULL, '2024-07-20 03:17:10', 799777, NULL, NULL, 0, 0, 1, NULL, NULL, NULL, NULL, 2),
(119, 'Iphone xs Max39', NULL, '2024-07-20 03:17:10', 722673, NULL, NULL, 0, 0, 1, NULL, NULL, NULL, NULL, 3),
(120, 'Nokia Pro39', NULL, '2024-07-20 03:17:10', 337880, NULL, NULL, 0, 0, 1, NULL, NULL, NULL, NULL, 1),
(121, 'Oppo XA40', NULL, '2024-07-20 03:17:10', 734652, NULL, NULL, 0, 0, 1, NULL, NULL, NULL, NULL, 2),
(122, 'Iphone xs Max40', NULL, '2024-07-20 03:17:10', 718656, NULL, NULL, 0, 0, 1, NULL, NULL, NULL, NULL, 3),
(123, 'Nokia Pro40', NULL, '2024-07-20 03:17:10', 371495, NULL, NULL, 0, 0, 1, NULL, NULL, NULL, NULL, 1),
(124, 'Oppo XA41', NULL, '2024-07-20 03:17:10', 894853, NULL, NULL, 0, 0, 1, NULL, NULL, NULL, NULL, 2),
(125, 'Iphone xs Max41', NULL, '2024-07-20 03:17:10', 697244, NULL, NULL, 0, 0, 1, NULL, NULL, NULL, NULL, 3),
(126, 'Nokia Pro41', NULL, '2024-07-20 03:17:10', 466075, NULL, NULL, 0, 0, 1, NULL, NULL, NULL, NULL, 1),
(127, 'Oppo XA42', NULL, '2024-07-20 03:17:10', 739044, NULL, NULL, 0, 0, 1, NULL, NULL, NULL, NULL, 2),
(128, 'Iphone xs Max42', NULL, '2024-07-20 03:17:10', 506226, NULL, NULL, 0, 0, 1, NULL, NULL, NULL, NULL, 3),
(129, 'Nokia Pro42', NULL, '2024-07-20 03:17:10', 328928, NULL, NULL, 0, 0, 1, NULL, NULL, NULL, NULL, 1),
(130, 'Oppo XA43', NULL, '2024-07-20 03:17:10', 852289, NULL, NULL, 0, 0, 1, NULL, NULL, NULL, NULL, 2),
(131, 'Iphone xs Max43', NULL, '2024-07-20 03:17:10', 658811, NULL, NULL, 0, 0, 1, NULL, NULL, NULL, NULL, 3),
(132, 'Nokia Pro43', NULL, '2024-07-20 03:17:10', 270976, NULL, NULL, 0, 0, 1, NULL, NULL, NULL, NULL, 1),
(133, 'Oppo XA44', NULL, '2024-07-20 03:17:10', 959795, NULL, NULL, 0, 0, 1, NULL, NULL, NULL, NULL, 2),
(134, 'Iphone xs Max44', NULL, '2024-07-20 03:17:10', 719411, NULL, NULL, 0, 0, 1, NULL, NULL, NULL, NULL, 3),
(135, 'Nokia Pro44', NULL, '2024-07-20 03:17:10', 376001, NULL, NULL, 0, 0, 1, NULL, NULL, NULL, NULL, 1),
(136, 'Oppo XA45', NULL, '2024-07-20 03:17:10', 923976, NULL, NULL, 0, 0, 1, NULL, NULL, NULL, NULL, 2),
(137, 'Iphone xs Max45', NULL, '2024-07-20 03:17:10', 576484, NULL, NULL, 0, 0, 1, NULL, NULL, NULL, NULL, 3),
(138, 'Nokia Pro45', NULL, '2024-07-20 03:17:10', 311820, NULL, NULL, 0, 0, 1, NULL, NULL, NULL, NULL, 1),
(139, 'Oppo XA46', NULL, '2024-07-20 03:17:10', 802680, NULL, NULL, 0, 0, 1, NULL, NULL, NULL, NULL, 2),
(140, 'Iphone xs Max46', NULL, '2024-07-20 03:17:10', 633980, NULL, NULL, 0, 0, 1, NULL, NULL, NULL, NULL, 3),
(141, 'Nokia Pro46', NULL, '2024-07-20 03:17:10', 308447, NULL, NULL, 0, 0, 1, NULL, NULL, NULL, NULL, 1),
(142, 'Oppo XA47', NULL, '2024-07-20 03:17:10', 943982, NULL, NULL, 0, 0, 1, NULL, NULL, NULL, NULL, 2),
(143, 'Iphone xs Max47', NULL, '2024-07-20 03:17:10', 542015, NULL, NULL, 0, 0, 1, NULL, NULL, NULL, NULL, 3),
(144, 'Nokia Pro47', NULL, '2024-07-20 03:17:10', 255275, NULL, NULL, 0, 0, 1, NULL, NULL, NULL, NULL, 1),
(145, 'Oppo XA48', NULL, '2024-07-20 03:17:10', 854934, NULL, NULL, 0, 0, 1, NULL, NULL, NULL, NULL, 2),
(146, 'Iphone xs Max48', NULL, '2024-07-20 03:17:10', 631848, NULL, NULL, 0, 0, 1, NULL, NULL, NULL, NULL, 3),
(147, 'Nokia Pro48', NULL, '2024-07-20 03:17:10', 340547, NULL, NULL, 0, 0, 1, NULL, NULL, NULL, NULL, 1),
(148, 'Oppo XA49', NULL, '2024-07-20 03:17:10', 726186, NULL, NULL, 0, 0, 1, NULL, NULL, NULL, NULL, 2),
(149, 'Iphone xs Max49', NULL, '2024-07-20 03:17:10', 639622, NULL, NULL, 0, 0, 1, NULL, NULL, NULL, NULL, 3),
(150, 'Nokia Pro49', NULL, '2024-07-20 03:17:10', 354584, NULL, NULL, 0, 0, 1, NULL, NULL, NULL, NULL, 1),
(151, 'Oppo XA50', NULL, '2024-07-20 03:17:10', 962933, NULL, NULL, 0, 0, 1, NULL, NULL, NULL, NULL, 2),
(152, 'Iphone xs Max50', NULL, '2024-07-20 03:17:10', 553558, NULL, NULL, 0, 0, 1, NULL, NULL, NULL, NULL, 3),
(153, 'Nokia Pro50', NULL, '2024-07-20 03:17:10', 475862, NULL, NULL, 0, 0, 1, NULL, NULL, NULL, NULL, 1),
(154, 'Oppo XA51', NULL, '2024-07-20 03:17:10', 929233, NULL, NULL, 0, 0, 1, NULL, NULL, NULL, NULL, 2),
(155, 'Iphone xs Max51', NULL, '2024-07-20 03:17:10', 615475, NULL, NULL, 0, 0, 1, NULL, NULL, NULL, NULL, 3),
(156, 'Nokia Pro51', NULL, '2024-07-20 03:17:10', 289529, NULL, NULL, 0, 0, 1, NULL, NULL, NULL, NULL, 1),
(157, 'Oppo XA52', NULL, '2024-07-20 03:17:10', 750473, NULL, NULL, 0, 0, 1, NULL, NULL, NULL, NULL, 2),
(158, 'Iphone xs Max52', NULL, '2024-07-20 03:17:10', 759269, NULL, NULL, 0, 0, 1, NULL, NULL, NULL, NULL, 3),
(159, 'Nokia Pro52', NULL, '2024-07-20 03:17:10', 367110, NULL, NULL, 0, 0, 1, NULL, NULL, NULL, NULL, 1),
(160, 'Oppo XA53', NULL, '2024-07-20 03:17:10', 894641, NULL, NULL, 0, 0, 1, NULL, NULL, NULL, NULL, 2),
(161, 'Iphone xs Max53', NULL, '2024-07-20 03:17:10', 543980, NULL, NULL, 0, 0, 1, NULL, NULL, NULL, NULL, 3),
(162, 'Nokia Pro53', NULL, '2024-07-20 03:17:10', 344119, NULL, NULL, 0, 0, 1, NULL, NULL, NULL, NULL, 1),
(163, 'Oppo XA54', NULL, '2024-07-20 03:17:10', 942865, NULL, NULL, 0, 0, 1, NULL, NULL, NULL, NULL, 2),
(164, 'Iphone xs Max54', NULL, '2024-07-20 03:17:10', 608324, NULL, NULL, 0, 0, 1, NULL, NULL, NULL, NULL, 3),
(165, 'Nokia Pro54', NULL, '2024-07-20 03:17:10', 477112, NULL, NULL, 0, 0, 1, NULL, NULL, NULL, NULL, 1),
(166, 'Oppo XA55', NULL, '2024-07-20 03:17:10', 963837, NULL, NULL, 0, 0, 1, NULL, NULL, NULL, NULL, 2),
(167, 'Iphone xs Max55', NULL, '2024-07-20 03:17:10', 608401, NULL, NULL, 0, 0, 1, NULL, NULL, NULL, NULL, 3),
(168, 'Nokia Pro55', NULL, '2024-07-20 03:17:10', 484598, NULL, NULL, 0, 0, 1, NULL, NULL, NULL, NULL, 1),
(169, 'Oppo XA56', NULL, '2024-07-20 03:17:10', 998541, NULL, NULL, 0, 0, 1, NULL, NULL, NULL, NULL, 2),
(170, 'Iphone xs Max56', NULL, '2024-07-20 03:17:10', 593189, NULL, NULL, 0, 0, 1, NULL, NULL, NULL, NULL, 3),
(171, 'Nokia Pro56', NULL, '2024-07-20 03:17:10', 271681, NULL, NULL, 0, 0, 1, NULL, NULL, NULL, NULL, 1),
(172, 'Oppo XA57', NULL, '2024-07-20 03:17:10', 856906, NULL, NULL, 0, 0, 1, NULL, NULL, NULL, NULL, 2),
(173, 'Iphone xs Max57', NULL, '2024-07-20 03:17:10', 655191, NULL, NULL, 0, 0, 1, NULL, NULL, NULL, NULL, 3),
(174, 'Nokia Pro57', NULL, '2024-07-20 03:17:10', 254627, NULL, NULL, 0, 0, 1, NULL, NULL, NULL, NULL, 1),
(175, 'Oppo XA58', NULL, '2024-07-20 03:17:10', 909212, NULL, NULL, 0, 0, 1, NULL, NULL, NULL, NULL, 2),
(176, 'Iphone xs Max58', NULL, '2024-07-20 03:17:10', 771008, NULL, NULL, 0, 0, 1, NULL, NULL, NULL, NULL, 3),
(177, 'Nokia Pro58', NULL, '2024-07-20 03:17:10', 375565, NULL, NULL, 0, 0, 1, NULL, NULL, NULL, NULL, 1),
(178, 'Oppo XA59', NULL, '2024-07-20 03:17:10', 718598, NULL, NULL, 0, 0, 1, NULL, NULL, NULL, NULL, 2),
(179, 'Iphone xs Max59', NULL, '2024-07-20 03:17:10', 623744, NULL, NULL, 0, 0, 1, NULL, NULL, NULL, NULL, 3),
(180, 'Nokia Pro59', NULL, '2024-07-20 03:17:10', 388513, NULL, NULL, 0, 0, 1, NULL, NULL, NULL, NULL, 1),
(181, 'Oppo XA60', NULL, '2024-07-20 03:17:10', 909202, NULL, NULL, 0, 0, 1, NULL, NULL, NULL, NULL, 2),
(182, 'Iphone xs Max60', NULL, '2024-07-20 03:17:10', 645571, NULL, NULL, 0, 0, 1, NULL, NULL, NULL, NULL, 3),
(183, 'Nokia Pro60', NULL, '2024-07-20 03:17:10', 344982, NULL, NULL, 0, 0, 1, NULL, NULL, NULL, NULL, 1),
(184, 'Oppo XA61', NULL, '2024-07-20 03:17:10', 870276, NULL, NULL, 0, 0, 1, NULL, NULL, NULL, NULL, 2),
(185, 'Iphone xs Max61', NULL, '2024-07-20 03:17:10', 746163, NULL, NULL, 0, 0, 1, NULL, NULL, NULL, NULL, 3),
(186, 'Nokia Pro61', NULL, '2024-07-20 03:17:10', 354055, NULL, NULL, 0, 0, 1, NULL, NULL, NULL, NULL, 1),
(187, 'Oppo XA62', NULL, '2024-07-20 03:17:10', 799706, NULL, NULL, 0, 0, 1, NULL, NULL, NULL, NULL, 2),
(188, 'Iphone xs Max62', NULL, '2024-07-20 03:17:10', 540706, NULL, NULL, 0, 0, 1, NULL, NULL, NULL, NULL, 3),
(189, 'Nokia Pro62', NULL, '2024-07-20 03:17:10', 301866, NULL, NULL, 0, 0, 1, NULL, NULL, NULL, NULL, 1),
(190, 'Oppo XA63', NULL, '2024-07-20 03:17:10', 755816, NULL, NULL, 0, 0, 1, NULL, NULL, NULL, NULL, 2),
(191, 'Iphone xs Max63', NULL, '2024-07-20 03:17:10', 567983, NULL, NULL, 0, 0, 1, NULL, NULL, NULL, NULL, 3),
(192, 'Nokia Pro63', NULL, '2024-07-20 03:17:10', 291648, NULL, NULL, 0, 0, 1, NULL, NULL, NULL, NULL, 1),
(193, 'Oppo XA64', NULL, '2024-07-20 03:17:10', 713209, NULL, NULL, 0, 0, 1, NULL, NULL, NULL, NULL, 2),
(194, 'Iphone xs Max64', NULL, '2024-07-20 03:17:10', 663372, NULL, NULL, 0, 0, 1, NULL, NULL, NULL, NULL, 3),
(195, 'Nokia Pro64', NULL, '2024-07-20 03:17:10', 338598, NULL, NULL, 0, 0, 1, NULL, NULL, NULL, NULL, 1),
(196, 'Oppo XA65', NULL, '2024-07-20 03:17:10', 877968, NULL, NULL, 0, 0, 1, NULL, NULL, NULL, NULL, 2),
(197, 'Iphone xs Max65', NULL, '2024-07-20 03:17:10', 689410, NULL, NULL, 0, 0, 1, NULL, NULL, NULL, NULL, 3),
(198, 'Nokia Pro65', NULL, '2024-07-20 03:17:10', 498236, NULL, NULL, 0, 0, 1, NULL, NULL, NULL, NULL, 1),
(199, 'Oppo XA66', NULL, '2024-07-20 03:17:10', 882162, NULL, NULL, 0, 0, 1, NULL, NULL, NULL, NULL, 2),
(200, 'Iphone xs Max66', NULL, '2024-07-20 03:17:10', 661102, NULL, NULL, 0, 0, 1, NULL, NULL, NULL, NULL, 3),
(201, 'Nokia Pro66', NULL, '2024-07-20 03:17:10', 386637, NULL, NULL, 0, 0, 1, NULL, NULL, NULL, NULL, 1),
(202, 'Oppo XA67', NULL, '2024-07-20 03:17:10', 883983, NULL, NULL, 0, 0, 1, NULL, NULL, NULL, NULL, 2),
(203, 'Iphone xs Max67', NULL, '2024-07-20 03:17:10', 669942, NULL, NULL, 0, 0, 1, NULL, NULL, NULL, NULL, 3),
(204, 'Nokia Pro67', NULL, '2024-07-20 03:17:10', 474713, NULL, NULL, 0, 0, 1, NULL, NULL, NULL, NULL, 1),
(205, 'Oppo XA68', NULL, '2024-07-20 03:17:10', 947394, NULL, NULL, 0, 0, 1, NULL, NULL, NULL, NULL, 2),
(206, 'Iphone xs Max68', NULL, '2024-07-20 03:17:10', 501113, NULL, NULL, 0, 0, 1, NULL, NULL, NULL, NULL, 3),
(207, 'Nokia Pro68', NULL, '2024-07-20 03:17:10', 484319, NULL, NULL, 0, 0, 1, NULL, NULL, NULL, NULL, 1),
(208, 'Oppo XA69', NULL, '2024-07-20 03:17:10', 827656, NULL, NULL, 0, 0, 1, NULL, NULL, NULL, NULL, 2),
(209, 'Iphone xs Max69', NULL, '2024-07-20 03:17:10', 594016, NULL, NULL, 0, 0, 1, NULL, NULL, NULL, NULL, 3),
(210, 'Nokia Pro69', NULL, '2024-07-20 03:17:10', 483878, NULL, NULL, 0, 0, 1, NULL, NULL, NULL, NULL, 1),
(211, 'Oppo XA70', NULL, '2024-07-20 03:17:10', 892309, NULL, NULL, 0, 0, 1, NULL, NULL, NULL, NULL, 2),
(212, 'Iphone xs Max70', NULL, '2024-07-20 03:17:10', 568427, NULL, NULL, 0, 0, 1, NULL, NULL, NULL, NULL, 3),
(213, 'Nokia Pro70', NULL, '2024-07-20 03:17:10', 496575, NULL, NULL, 0, 0, 1, NULL, NULL, NULL, NULL, 1),
(214, 'Oppo XA71', NULL, '2024-07-20 03:17:10', 790453, NULL, NULL, 0, 0, 1, NULL, NULL, NULL, NULL, 2),
(215, 'Iphone xs Max71', NULL, '2024-07-20 03:17:10', 671220, NULL, NULL, 0, 0, 1, NULL, NULL, NULL, NULL, 3),
(216, 'Nokia Pro71', NULL, '2024-07-20 03:17:10', 313012, NULL, NULL, 0, 0, 1, NULL, NULL, NULL, NULL, 1),
(217, 'Oppo XA72', NULL, '2024-07-20 03:17:10', 925445, NULL, NULL, 0, 0, 1, NULL, NULL, NULL, NULL, 2),
(218, 'Iphone xs Max72', NULL, '2024-07-20 03:17:10', 530219, NULL, NULL, 0, 0, 1, NULL, NULL, NULL, NULL, 3),
(219, 'Nokia Pro72', NULL, '2024-07-20 03:17:10', 280566, NULL, NULL, 0, 0, 1, NULL, NULL, NULL, NULL, 1),
(220, 'Oppo XA73', NULL, '2024-07-20 03:17:10', 893114, NULL, NULL, 0, 0, 1, NULL, NULL, NULL, NULL, 2),
(221, 'Iphone xs Max73', NULL, '2024-07-20 03:17:10', 706820, NULL, NULL, 0, 0, 1, NULL, NULL, NULL, NULL, 3),
(222, 'Nokia Pro73', NULL, '2024-07-20 03:17:10', 472395, NULL, NULL, 0, 0, 1, NULL, NULL, NULL, NULL, 1),
(223, 'Oppo XA74', NULL, '2024-07-20 03:17:10', 708830, NULL, NULL, 0, 0, 1, NULL, NULL, NULL, NULL, 2),
(224, 'Iphone xs Max74', NULL, '2024-07-20 03:17:10', 639302, NULL, NULL, 0, 0, 1, NULL, NULL, NULL, NULL, 3),
(225, 'Nokia Pro74', NULL, '2024-07-20 03:17:10', 494358, NULL, NULL, 0, 0, 1, NULL, NULL, NULL, NULL, 1),
(226, 'Oppo XA75', NULL, '2024-07-20 03:17:10', 733854, NULL, NULL, 0, 0, 1, NULL, NULL, NULL, NULL, 2),
(227, 'Iphone xs Max75', NULL, '2024-07-20 03:17:10', 739653, NULL, NULL, 0, 0, 1, NULL, NULL, NULL, NULL, 3),
(228, 'Nokia Pro75', NULL, '2024-07-20 03:17:10', 355073, NULL, NULL, 0, 0, 1, NULL, NULL, NULL, NULL, 1),
(229, 'Oppo XA76', NULL, '2024-07-20 03:17:10', 891489, NULL, NULL, 0, 0, 1, NULL, NULL, NULL, NULL, 2),
(230, 'Iphone xs Max76', NULL, '2024-07-20 03:17:10', 723428, NULL, NULL, 0, 0, 1, NULL, NULL, NULL, NULL, 3),
(231, 'Nokia Pro76', NULL, '2024-07-20 03:17:10', 356110, NULL, NULL, 0, 0, 1, NULL, NULL, NULL, NULL, 1),
(232, 'Oppo XA77', NULL, '2024-07-20 03:17:10', 745518, NULL, NULL, 0, 0, 1, NULL, NULL, NULL, NULL, 2),
(233, 'Iphone xs Max77', NULL, '2024-07-20 03:17:10', 631430, NULL, NULL, 0, 0, 1, NULL, NULL, NULL, NULL, 3),
(234, 'Nokia Pro77', NULL, '2024-07-20 03:17:10', 421196, NULL, NULL, 0, 0, 1, NULL, NULL, NULL, NULL, 1),
(235, 'Oppo XA78', NULL, '2024-07-20 03:17:10', 814652, NULL, NULL, 0, 0, 1, NULL, NULL, NULL, NULL, 2),
(236, 'Iphone xs Max78', NULL, '2024-07-20 03:17:10', 621763, NULL, NULL, 0, 0, 1, NULL, NULL, NULL, NULL, 3),
(237, 'Nokia Pro78', NULL, '2024-07-20 03:17:10', 439228, NULL, NULL, 0, 0, 1, NULL, NULL, NULL, NULL, 1),
(238, 'Oppo XA79', NULL, '2024-07-20 03:17:10', 811041, NULL, NULL, 0, 0, 1, NULL, NULL, NULL, NULL, 2),
(239, 'Iphone xs Max79', NULL, '2024-07-20 03:17:10', 577402, NULL, NULL, 0, 0, 1, NULL, NULL, NULL, NULL, 3),
(240, 'Nokia Pro79', NULL, '2024-07-20 03:17:10', 470320, NULL, NULL, 0, 0, 1, NULL, NULL, NULL, NULL, 1),
(241, 'Oppo XA80', NULL, '2024-07-20 03:17:10', 860209, NULL, NULL, 0, 0, 1, NULL, NULL, NULL, NULL, 2),
(242, 'Iphone xs Max80', NULL, '2024-07-20 03:17:10', 658814, NULL, NULL, 0, 0, 1, NULL, NULL, NULL, NULL, 3),
(243, 'Nokia Pro80', NULL, '2024-07-20 03:17:10', 493604, NULL, NULL, 0, 0, 1, NULL, NULL, NULL, NULL, 1),
(244, 'Oppo XA81', NULL, '2024-07-20 03:17:10', 788972, NULL, NULL, 0, 0, 1, NULL, NULL, NULL, NULL, 2),
(245, 'Iphone xs Max81', NULL, '2024-07-20 03:17:10', 513435, NULL, NULL, 0, 0, 1, NULL, NULL, NULL, NULL, 3),
(246, 'Nokia Pro81', NULL, '2024-07-20 03:17:10', 323653, NULL, NULL, 0, 0, 1, NULL, NULL, NULL, NULL, 1),
(247, 'Oppo XA82', NULL, '2024-07-20 03:17:10', 823898, NULL, NULL, 0, 0, 1, NULL, NULL, NULL, NULL, 2),
(248, 'Iphone xs Max82', NULL, '2024-07-20 03:17:10', 550263, NULL, NULL, 0, 0, 1, NULL, NULL, NULL, NULL, 3),
(249, 'Nokia Pro82', NULL, '2024-07-20 03:17:10', 440444, NULL, NULL, 0, 0, 1, NULL, NULL, NULL, NULL, 1),
(250, 'Oppo XA83', NULL, '2024-07-20 03:17:10', 732936, NULL, NULL, 0, 0, 1, NULL, NULL, NULL, NULL, 2),
(251, 'Iphone xs Max83', NULL, '2024-07-20 03:17:10', 740597, NULL, NULL, 0, 0, 1, NULL, NULL, NULL, NULL, 3),
(252, 'Nokia Pro83', NULL, '2024-07-20 03:17:10', 338073, NULL, NULL, 0, 0, 1, NULL, NULL, NULL, NULL, 1),
(253, 'Oppo XA84', NULL, '2024-07-20 03:17:10', 883639, NULL, NULL, 0, 0, 1, NULL, NULL, NULL, NULL, 2),
(254, 'Iphone xs Max84', NULL, '2024-07-20 03:17:10', 594914, NULL, NULL, 0, 0, 1, NULL, NULL, NULL, NULL, 3),
(255, 'Nokia Pro84', NULL, '2024-07-20 03:17:10', 263040, NULL, NULL, 0, 0, 1, NULL, NULL, NULL, NULL, 1),
(256, 'Oppo XA85', NULL, '2024-07-20 03:17:10', 784436, NULL, NULL, 0, 0, 1, NULL, NULL, NULL, NULL, 2),
(257, 'Iphone xs Max85', NULL, '2024-07-20 03:17:10', 708744, NULL, NULL, 0, 0, 1, NULL, NULL, NULL, NULL, 3),
(258, 'Nokia Pro85', NULL, '2024-07-20 03:17:10', 303746, NULL, NULL, 0, 0, 1, NULL, NULL, NULL, NULL, 1),
(259, 'Oppo XA86', NULL, '2024-07-20 03:17:10', 908644, NULL, NULL, 0, 0, 1, NULL, NULL, NULL, NULL, 2),
(260, 'Iphone xs Max86', NULL, '2024-07-20 03:17:10', 544329, NULL, NULL, 0, 0, 1, NULL, NULL, NULL, NULL, 3),
(261, 'Nokia Pro86', NULL, '2024-07-20 03:17:10', 307905, NULL, NULL, 0, 0, 1, NULL, NULL, NULL, NULL, 1),
(262, 'Oppo XA87', NULL, '2024-07-20 03:17:10', 725036, NULL, NULL, 0, 0, 1, NULL, NULL, NULL, NULL, 2),
(263, 'Iphone xs Max87', NULL, '2024-07-20 03:17:10', 550317, NULL, NULL, 0, 0, 1, NULL, NULL, NULL, NULL, 3),
(264, 'Nokia Pro87', NULL, '2024-07-20 03:17:10', 307127, NULL, NULL, 0, 0, 1, NULL, NULL, NULL, NULL, 1),
(265, 'Oppo XA88', NULL, '2024-07-20 03:17:10', 775102, NULL, NULL, 0, 0, 1, NULL, NULL, NULL, NULL, 2),
(266, 'Iphone xs Max88', NULL, '2024-07-20 03:17:10', 774575, NULL, NULL, 0, 0, 1, NULL, NULL, NULL, NULL, 3),
(267, 'Nokia Pro88', NULL, '2024-07-20 03:17:10', 275040, NULL, NULL, 0, 0, 1, NULL, NULL, NULL, NULL, 1),
(268, 'Oppo XA89', NULL, '2024-07-20 03:17:10', 991756, NULL, NULL, 0, 0, 1, NULL, NULL, NULL, NULL, 2),
(269, 'Iphone xs Max89', NULL, '2024-07-20 03:17:10', 501810, NULL, NULL, 0, 0, 1, NULL, NULL, NULL, NULL, 3),
(270, 'Nokia Pro89', NULL, '2024-07-20 03:17:10', 257640, NULL, NULL, 0, 0, 1, NULL, NULL, NULL, NULL, 1),
(271, 'Oppo XA90', NULL, '2024-07-20 03:17:10', 929535, NULL, NULL, 0, 0, 1, NULL, NULL, NULL, NULL, 2),
(272, 'Iphone xs Max90', NULL, '2024-07-20 03:17:10', 645141, NULL, NULL, 0, 0, 1, NULL, NULL, NULL, NULL, 3),
(273, 'Nokia Pro90', NULL, '2024-07-20 03:17:10', 451127, NULL, NULL, 0, 0, 1, NULL, NULL, NULL, NULL, 1),
(274, 'Oppo XA91', NULL, '2024-07-20 03:17:10', 792340, NULL, NULL, 0, 0, 1, NULL, NULL, NULL, NULL, 2),
(275, 'Iphone xs Max91', NULL, '2024-07-20 03:17:10', 566669, NULL, NULL, 0, 0, 1, NULL, NULL, NULL, NULL, 3),
(276, 'Nokia Pro91', NULL, '2024-07-20 03:17:10', 419708, NULL, NULL, 0, 0, 1, NULL, NULL, NULL, NULL, 1),
(277, 'Oppo XA92', NULL, '2024-07-20 03:17:10', 998184, NULL, NULL, 0, 0, 1, NULL, NULL, NULL, NULL, 2),
(278, 'Iphone xs Max92', NULL, '2024-07-20 03:17:10', 739137, NULL, NULL, 0, 0, 1, NULL, NULL, NULL, NULL, 3),
(279, 'Nokia Pro92', NULL, '2024-07-20 03:17:10', 344264, NULL, NULL, 0, 0, 1, NULL, NULL, NULL, NULL, 1),
(280, 'Oppo XA93', NULL, '2024-07-20 03:17:10', 720664, NULL, NULL, 0, 0, 1, NULL, NULL, NULL, NULL, 2),
(281, 'Iphone xs Max93', NULL, '2024-07-20 03:17:10', 588398, NULL, NULL, 0, 0, 1, NULL, NULL, NULL, NULL, 3),
(282, 'Nokia Pro93', NULL, '2024-07-20 03:17:10', 396148, NULL, NULL, 0, 0, 1, NULL, NULL, NULL, NULL, 1),
(283, 'Oppo XA94', NULL, '2024-07-20 03:17:10', 757797, NULL, NULL, 0, 0, 1, NULL, NULL, NULL, NULL, 2),
(284, 'Iphone xs Max94', NULL, '2024-07-20 03:17:10', 572084, NULL, NULL, 0, 0, 1, NULL, NULL, NULL, NULL, 3),
(285, 'Nokia Pro94', NULL, '2024-07-20 03:17:10', 437304, NULL, NULL, 0, 0, 1, NULL, NULL, NULL, NULL, 1),
(286, 'Oppo XA95', NULL, '2024-07-20 03:17:10', 945880, NULL, NULL, 0, 0, 1, NULL, NULL, NULL, NULL, 2),
(287, 'Iphone xs Max95', NULL, '2024-07-20 03:17:10', 762688, NULL, NULL, 0, 0, 1, NULL, NULL, NULL, NULL, 3),
(288, 'Nokia Pro95', NULL, '2024-07-20 03:17:10', 466682, NULL, NULL, 0, 0, 1, NULL, NULL, NULL, NULL, 1),
(289, 'Oppo XA96', NULL, '2024-07-20 03:17:10', 779192, NULL, NULL, 0, 0, 1, NULL, NULL, NULL, NULL, 2),
(290, 'Iphone xs Max96', NULL, '2024-07-20 03:17:10', 662322, NULL, NULL, 0, 0, 1, NULL, NULL, NULL, NULL, 3),
(291, 'Nokia Pro96', NULL, '2024-07-20 03:17:10', 376878, NULL, NULL, 0, 0, 1, NULL, NULL, NULL, NULL, 1),
(292, 'Oppo XA97', NULL, '2024-07-20 03:17:10', 779325, NULL, NULL, 0, 0, 1, NULL, NULL, NULL, NULL, 2),
(293, 'Iphone xs Max97', NULL, '2024-07-20 03:17:10', 521000, NULL, NULL, 0, 0, 1, NULL, NULL, NULL, NULL, 3),
(294, 'Nokia Pro97', NULL, '2024-07-20 03:17:10', 396392, NULL, NULL, 0, 0, 1, NULL, NULL, NULL, NULL, 1),
(295, 'Oppo XA98', NULL, '2024-07-20 03:17:10', 885212, NULL, NULL, 0, 0, 1, NULL, NULL, NULL, NULL, 2),
(296, 'Iphone xs Max98', NULL, '2024-07-20 03:17:10', 568389, NULL, NULL, 0, 0, 1, NULL, NULL, NULL, NULL, 3),
(297, 'Nokia Pro98', NULL, '2024-07-20 03:17:10', 302100, NULL, NULL, 0, 0, 1, NULL, NULL, NULL, NULL, 1),
(298, 'Oppo XA99', NULL, '2024-07-20 03:17:10', 996921, NULL, NULL, 0, 0, 1, NULL, NULL, NULL, NULL, 2),
(299, 'Iphone xs Max99', NULL, '2024-07-20 03:17:10', 609954, NULL, NULL, 0, 0, 1, NULL, NULL, NULL, NULL, 3),
(300, 'Nokia Pro99', NULL, '2024-07-20 03:17:10', 257886, NULL, NULL, 0, 0, 1, NULL, NULL, NULL, NULL, 1),
(301, 'Oppo XA100', NULL, '2024-07-20 03:17:10', 890606, NULL, NULL, 0, 0, 1, NULL, NULL, NULL, NULL, 2),
(302, 'Iphone xs Max100', NULL, '2024-07-20 03:17:10', 605448, NULL, NULL, 0, 0, 1, NULL, NULL, NULL, NULL, 3),
(303, 'Nokia Pro100', NULL, '2024-07-20 03:17:10', 368600, NULL, NULL, 0, 0, 1, NULL, NULL, NULL, NULL, 1),
(304, 'Oppo XA101', NULL, '2024-07-20 03:17:10', 998386, NULL, NULL, 0, 0, 1, NULL, NULL, NULL, NULL, 2),
(305, 'Iphone xs Max101', NULL, '2024-07-20 03:17:10', 500520, NULL, NULL, 0, 0, 1, NULL, NULL, NULL, NULL, 3),
(306, 'Nokia Pro101', NULL, '2024-07-20 03:17:10', 372988, NULL, NULL, 0, 0, 1, NULL, NULL, NULL, NULL, 1),
(307, 'Oppo XA102', NULL, '2024-07-20 03:17:10', 766036, NULL, NULL, 0, 0, 1, NULL, NULL, NULL, NULL, 2),
(308, 'Iphone xs Max102', NULL, '2024-07-20 03:17:10', 692646, NULL, NULL, 0, 0, 1, NULL, NULL, NULL, NULL, 3),
(309, 'Nokia Pro102', NULL, '2024-07-20 03:17:10', 400457, NULL, NULL, 0, 0, 1, NULL, NULL, NULL, NULL, 1),
(310, 'Oppo XA103', NULL, '2024-07-20 03:17:10', 754509, NULL, NULL, 0, 0, 1, NULL, NULL, NULL, NULL, 2),
(311, 'Iphone xs Max103', NULL, '2024-07-20 03:17:10', 576970, NULL, NULL, 0, 0, 1, NULL, NULL, NULL, NULL, 3),
(312, 'Nokia Pro103', NULL, '2024-07-20 03:17:10', 387940, NULL, NULL, 0, 0, 1, NULL, NULL, NULL, NULL, 1),
(313, 'Oppo XA104', NULL, '2024-07-20 03:17:10', 788110, NULL, NULL, 0, 0, 1, NULL, NULL, NULL, NULL, 2),
(314, 'Iphone xs Max104', NULL, '2024-07-20 03:17:10', 731701, NULL, NULL, 0, 0, 1, NULL, NULL, NULL, NULL, 3),
(315, 'Nokia Pro104', NULL, '2024-07-20 03:17:10', 470545, NULL, NULL, 0, 0, 1, NULL, NULL, NULL, NULL, 1),
(316, 'Oppo XA105', NULL, '2024-07-20 03:17:10', 884797, NULL, NULL, 0, 0, 1, NULL, NULL, NULL, NULL, 2),
(317, 'Iphone xs Max105', NULL, '2024-07-20 03:17:10', 690483, NULL, NULL, 0, 0, 1, NULL, NULL, NULL, NULL, 3),
(318, 'Nokia Pro105', NULL, '2024-07-20 03:17:10', 397441, NULL, NULL, 0, 0, 1, NULL, NULL, NULL, NULL, 1),
(319, 'Oppo XA106', NULL, '2024-07-20 03:17:10', 903697, NULL, NULL, 0, 0, 1, NULL, NULL, NULL, NULL, 2),
(320, 'Iphone xs Max106', NULL, '2024-07-20 03:17:10', 785138, NULL, NULL, 0, 0, 1, NULL, NULL, NULL, NULL, 3),
(321, 'Nokia Pro106', NULL, '2024-07-20 03:17:10', 433813, NULL, NULL, 0, 0, 1, NULL, NULL, NULL, NULL, 1),
(322, 'Oppo XA107', NULL, '2024-07-20 03:17:10', 992669, NULL, NULL, 0, 0, 1, NULL, NULL, NULL, NULL, 2),
(323, 'Iphone xs Max107', NULL, '2024-07-20 03:17:10', 719632, NULL, NULL, 0, 0, 1, NULL, NULL, NULL, NULL, 3),
(324, 'Nokia Pro107', NULL, '2024-07-20 03:17:10', 267648, NULL, NULL, 0, 0, 1, NULL, NULL, NULL, NULL, 1),
(325, 'Oppo XA108', NULL, '2024-07-20 03:17:10', 767513, NULL, NULL, 0, 0, 1, NULL, NULL, NULL, NULL, 2),
(326, 'Iphone xs Max108', NULL, '2024-07-20 03:17:10', 712615, NULL, NULL, 0, 0, 1, NULL, NULL, NULL, NULL, 3),
(327, 'Nokia Pro108', NULL, '2024-07-20 03:17:10', 251348, NULL, NULL, 0, 0, 1, NULL, NULL, NULL, NULL, 1),
(328, 'Oppo XA109', NULL, '2024-07-20 03:17:10', 896168, NULL, NULL, 0, 0, 1, NULL, NULL, NULL, NULL, 2),
(329, 'Iphone xs Max109', NULL, '2024-07-20 03:17:10', 510396, NULL, NULL, 0, 0, 1, NULL, NULL, NULL, NULL, 3),
(330, 'Nokia Pro109', NULL, '2024-07-20 03:17:10', 357277, NULL, NULL, 0, 0, 1, NULL, NULL, NULL, NULL, 1),
(331, 'Oppo XA110', NULL, '2024-07-20 03:17:10', 791366, NULL, NULL, 0, 0, 1, NULL, NULL, NULL, NULL, 2),
(332, 'Iphone xs Max110', NULL, '2024-07-20 03:17:10', 786057, NULL, NULL, 0, 0, 1, NULL, NULL, NULL, NULL, 3),
(333, 'Nokia Pro110', NULL, '2024-07-20 03:17:10', 351756, NULL, NULL, 0, 0, 1, NULL, NULL, NULL, NULL, 1),
(334, 'Oppo XA111', NULL, '2024-07-20 03:17:10', 769153, NULL, NULL, 0, 0, 1, NULL, NULL, NULL, NULL, 2),
(335, 'Iphone xs Max111', NULL, '2024-07-20 03:17:10', 745661, NULL, NULL, 0, 0, 1, NULL, NULL, NULL, NULL, 3),
(336, 'Nokia Pro111', NULL, '2024-07-20 03:17:10', 301012, NULL, NULL, 0, 0, 1, NULL, NULL, NULL, NULL, 1),
(337, 'Oppo XA112', NULL, '2024-07-20 03:17:10', 980513, NULL, NULL, 0, 0, 1, NULL, NULL, NULL, NULL, 2),
(338, 'Iphone xs Max112', NULL, '2024-07-20 03:17:10', 535908, NULL, NULL, 0, 0, 1, NULL, NULL, NULL, NULL, 3),
(339, 'Nokia Pro112', NULL, '2024-07-20 03:17:10', 342684, NULL, NULL, 0, 0, 1, NULL, NULL, NULL, NULL, 1),
(340, 'Oppo XA113', NULL, '2024-07-20 03:17:10', 719315, NULL, NULL, 0, 0, 1, NULL, NULL, NULL, NULL, 2),
(341, 'Iphone xs Max113', NULL, '2024-07-20 03:17:10', 703728, NULL, NULL, 0, 0, 1, NULL, NULL, NULL, NULL, 3),
(342, 'Nokia Pro113', NULL, '2024-07-20 03:17:10', 311763, NULL, NULL, 0, 0, 1, NULL, NULL, NULL, NULL, 1),
(343, 'Oppo XA114', NULL, '2024-07-20 03:17:10', 734760, NULL, NULL, 0, 0, 1, NULL, NULL, NULL, NULL, 2),
(344, 'Iphone xs Max114', NULL, '2024-07-20 03:17:10', 604798, NULL, NULL, 0, 0, 1, NULL, NULL, NULL, NULL, 3),
(345, 'Nokia Pro114', NULL, '2024-07-20 03:17:10', 319451, NULL, NULL, 0, 0, 1, NULL, NULL, NULL, NULL, 1),
(346, 'Oppo XA115', NULL, '2024-07-20 03:17:10', 758589, NULL, NULL, 0, 0, 1, NULL, NULL, NULL, NULL, 2),
(347, 'Iphone xs Max115', NULL, '2024-07-20 03:17:10', 650542, NULL, NULL, 0, 0, 1, NULL, NULL, NULL, NULL, 3),
(348, 'Nokia Pro115', NULL, '2024-07-20 03:17:10', 317810, NULL, NULL, 0, 0, 1, NULL, NULL, NULL, NULL, 1),
(349, 'Oppo XA116', NULL, '2024-07-20 03:17:10', 755001, NULL, NULL, 0, 0, 1, NULL, NULL, NULL, NULL, 2),
(350, 'Iphone xs Max116', NULL, '2024-07-20 03:17:10', 591197, NULL, NULL, 0, 0, 1, NULL, NULL, NULL, NULL, 3),
(351, 'Nokia Pro116', NULL, '2024-07-20 03:17:10', 284452, NULL, NULL, 0, 0, 1, NULL, NULL, NULL, NULL, 1),
(352, 'Oppo XA117', NULL, '2024-07-20 03:17:10', 816577, NULL, NULL, 0, 0, 1, NULL, NULL, NULL, NULL, 2),
(353, 'Iphone xs Max117', NULL, '2024-07-20 03:17:10', 704733, NULL, NULL, 0, 0, 1, NULL, NULL, NULL, NULL, 3),
(354, 'Nokia Pro117', NULL, '2024-07-20 03:17:10', 404309, NULL, NULL, 0, 0, 1, NULL, NULL, NULL, NULL, 1),
(355, 'Oppo XA118', NULL, '2024-07-20 03:17:10', 992744, NULL, NULL, 0, 0, 1, NULL, NULL, NULL, NULL, 2),
(356, 'Iphone xs Max118', NULL, '2024-07-20 03:17:10', 794789, NULL, NULL, 0, 0, 1, NULL, NULL, NULL, NULL, 3),
(357, 'Nokia Pro118', NULL, '2024-07-20 03:17:10', 486678, NULL, NULL, 0, 0, 1, NULL, NULL, NULL, NULL, 1),
(358, 'Oppo XA119', NULL, '2024-07-20 03:17:10', 805749, NULL, NULL, 0, 0, 1, NULL, NULL, NULL, NULL, 2),
(359, 'Iphone xs Max119', NULL, '2024-07-20 03:17:10', 608299, NULL, NULL, 0, 0, 1, NULL, NULL, NULL, NULL, 3),
(360, 'Nokia Pro119', NULL, '2024-07-20 03:17:10', 374745, NULL, NULL, 0, 0, 1, NULL, NULL, NULL, NULL, 1),
(361, 'Oppo XA120', NULL, '2024-07-20 03:17:10', 836719, NULL, NULL, 0, 0, 1, NULL, NULL, NULL, NULL, 2),
(362, 'Iphone xs Max120', NULL, '2024-07-20 03:17:10', 795303, NULL, NULL, 0, 0, 1, NULL, NULL, NULL, NULL, 3),
(363, 'Nokia Pro120', NULL, '2024-07-20 03:17:10', 487641, NULL, NULL, 0, 0, 1, NULL, NULL, NULL, NULL, 1),
(364, 'Oppo XA121', NULL, '2024-07-20 03:17:10', 835907, NULL, NULL, 0, 0, 1, NULL, NULL, NULL, NULL, 2),
(365, 'Iphone xs Max121', NULL, '2024-07-20 03:17:10', 703931, NULL, NULL, 0, 0, 1, NULL, NULL, NULL, NULL, 3),
(366, 'Nokia Pro121', NULL, '2024-07-20 03:17:10', 408851, NULL, NULL, 0, 0, 1, NULL, NULL, NULL, NULL, 1),
(367, 'Oppo XA122', NULL, '2024-07-20 03:17:10', 830824, NULL, NULL, 0, 0, 1, NULL, NULL, NULL, NULL, 2),
(368, 'Iphone xs Max122', NULL, '2024-07-20 03:17:10', 515630, NULL, NULL, 0, 0, 1, NULL, NULL, NULL, NULL, 3),
(369, 'Nokia Pro122', NULL, '2024-07-20 03:17:10', 444702, NULL, NULL, 0, 0, 1, NULL, NULL, NULL, NULL, 1),
(370, 'Oppo XA123', NULL, '2024-07-20 03:17:10', 951907, NULL, NULL, 0, 0, 1, NULL, NULL, NULL, NULL, 2),
(371, 'Iphone xs Max123', NULL, '2024-07-20 03:17:10', 794639, NULL, NULL, 0, 0, 1, NULL, NULL, NULL, NULL, 3),
(372, 'Nokia Pro123', NULL, '2024-07-20 03:17:10', 434677, NULL, NULL, 0, 0, 1, NULL, NULL, NULL, NULL, 1),
(373, 'Oppo XA124', NULL, '2024-07-20 03:17:10', 786179, NULL, NULL, 0, 0, 1, NULL, NULL, NULL, NULL, 2),
(374, 'Iphone xs Max124', NULL, '2024-07-20 03:17:10', 707222, NULL, NULL, 0, 0, 1, NULL, NULL, NULL, NULL, 3),
(375, 'Nokia Pro124', NULL, '2024-07-20 03:17:10', 306886, NULL, NULL, 0, 0, 1, NULL, NULL, NULL, NULL, 1),
(376, 'Oppo XA125', NULL, '2024-07-20 03:17:10', 725927, NULL, NULL, 0, 0, 1, NULL, NULL, NULL, NULL, 2),
(377, 'Iphone xs Max125', NULL, '2024-07-20 03:17:10', 683631, NULL, NULL, 0, 0, 1, NULL, NULL, NULL, NULL, 3),
(378, 'Nokia Pro125', NULL, '2024-07-20 03:17:10', 273215, NULL, NULL, 0, 0, 1, NULL, NULL, NULL, NULL, 1),
(379, 'Oppo XA126', NULL, '2024-07-20 03:17:10', 726458, NULL, NULL, 0, 0, 1, NULL, NULL, NULL, NULL, 2),
(380, 'Iphone xs Max126', NULL, '2024-07-20 03:17:10', 796002, NULL, NULL, 0, 0, 1, NULL, NULL, NULL, NULL, 3),
(381, 'Nokia Pro126', NULL, '2024-07-20 03:17:10', 340593, NULL, NULL, 0, 0, 1, NULL, NULL, NULL, NULL, 1),
(382, 'Oppo XA127', NULL, '2024-07-20 03:17:10', 715964, NULL, NULL, 0, 0, 1, NULL, NULL, NULL, NULL, 2),
(383, 'Iphone xs Max127', NULL, '2024-07-20 03:17:10', 727139, NULL, NULL, 0, 0, 1, NULL, NULL, NULL, NULL, 3),
(384, 'Nokia Pro127', NULL, '2024-07-20 03:17:10', 456001, NULL, NULL, 0, 0, 1, NULL, NULL, NULL, NULL, 1),
(385, 'Oppo XA128', NULL, '2024-07-20 03:17:10', 723091, NULL, NULL, 0, 0, 1, NULL, NULL, NULL, NULL, 2),
(386, 'Iphone xs Max128', NULL, '2024-07-20 03:17:10', 731441, NULL, NULL, 0, 0, 1, NULL, NULL, NULL, NULL, 3),
(387, 'Nokia Pro128', NULL, '2024-07-20 03:17:10', 250607, NULL, NULL, 0, 0, 1, NULL, NULL, NULL, NULL, 1),
(388, 'Oppo XA129', NULL, '2024-07-20 03:17:10', 849713, NULL, NULL, 0, 0, 1, NULL, NULL, NULL, NULL, 2),
(389, 'Iphone xs Max129', NULL, '2024-07-20 03:17:10', 784967, NULL, NULL, 0, 0, 1, NULL, NULL, NULL, NULL, 3),
(390, 'Nokia Pro129', NULL, '2024-07-20 03:17:10', 371850, NULL, NULL, 0, 0, 1, NULL, NULL, NULL, NULL, 1),
(391, 'Oppo XA130', NULL, '2024-07-20 03:17:10', 955058, NULL, NULL, 0, 0, 1, NULL, NULL, NULL, NULL, 2),
(392, 'Iphone xs Max130', NULL, '2024-07-20 03:17:10', 563513, NULL, NULL, 0, 0, 1, NULL, NULL, NULL, NULL, 3),
(393, 'Nokia Pro130', NULL, '2024-07-20 03:17:10', 311305, NULL, NULL, 0, 0, 1, NULL, NULL, NULL, NULL, 1),
(394, 'Oppo XA131', NULL, '2024-07-20 03:17:10', 819235, NULL, NULL, 0, 0, 1, NULL, NULL, NULL, NULL, 2),
(395, 'Iphone xs Max131', NULL, '2024-07-20 03:17:10', 561627, NULL, NULL, 0, 0, 1, NULL, NULL, NULL, NULL, 3),
(396, 'Nokia Pro131', NULL, '2024-07-20 03:17:10', 366776, NULL, NULL, 0, 0, 1, NULL, NULL, NULL, NULL, 1),
(397, 'Oppo XA132', NULL, '2024-07-20 03:17:10', 948568, NULL, NULL, 0, 0, 1, NULL, NULL, NULL, NULL, 2),
(398, 'Iphone xs Max132', NULL, '2024-07-20 03:17:10', 740477, NULL, NULL, 0, 0, 1, NULL, NULL, NULL, NULL, 3),
(399, 'Nokia Pro132', NULL, '2024-07-20 03:17:10', 253263, NULL, NULL, 0, 0, 1, NULL, NULL, NULL, NULL, 1),
(400, 'Oppo XA133', NULL, '2024-07-20 03:17:10', 758528, NULL, NULL, 0, 0, 1, NULL, NULL, NULL, NULL, 2),
(401, 'Iphone xs Max133', NULL, '2024-07-20 03:17:10', 522052, NULL, NULL, 0, 0, 1, NULL, NULL, NULL, NULL, 3),
(402, 'Nokia Pro133', NULL, '2024-07-20 03:17:10', 379538, NULL, NULL, 0, 0, 1, NULL, NULL, NULL, NULL, 1),
(403, 'Oppo XA134', NULL, '2024-07-20 03:17:10', 900797, NULL, NULL, 0, 0, 1, NULL, NULL, NULL, NULL, 2),
(404, 'Iphone xs Max134', NULL, '2024-07-20 03:17:10', 697267, NULL, NULL, 0, 0, 1, NULL, NULL, NULL, NULL, 3),
(405, 'Nokia Pro134', NULL, '2024-07-20 03:17:10', 418116, NULL, NULL, 0, 0, 1, NULL, NULL, NULL, NULL, 1),
(406, 'Oppo XA135', NULL, '2024-07-20 03:17:10', 958285, NULL, NULL, 0, 0, 1, NULL, NULL, NULL, NULL, 2),
(407, 'Iphone xs Max135', NULL, '2024-07-20 03:17:10', 542439, NULL, NULL, 0, 0, 1, NULL, NULL, NULL, NULL, 3),
(408, 'Nokia Pro135', NULL, '2024-07-20 03:17:10', 482430, NULL, NULL, 0, 0, 1, NULL, NULL, NULL, NULL, 1),
(409, 'Oppo XA136', NULL, '2024-07-20 03:17:10', 963372, NULL, NULL, 0, 0, 1, NULL, NULL, NULL, NULL, 2),
(410, 'Iphone xs Max136', NULL, '2024-07-20 03:17:10', 587869, NULL, NULL, 0, 0, 1, NULL, NULL, NULL, NULL, 3),
(411, 'Nokia Pro136', NULL, '2024-07-20 03:17:10', 377570, NULL, NULL, 0, 0, 1, NULL, NULL, NULL, NULL, 1),
(412, 'Oppo XA137', NULL, '2024-07-20 03:17:10', 804073, NULL, NULL, 0, 0, 1, NULL, NULL, NULL, NULL, 2),
(413, 'Iphone xs Max137', NULL, '2024-07-20 03:17:10', 646510, NULL, NULL, 0, 0, 1, NULL, NULL, NULL, NULL, 3),
(414, 'Nokia Pro137', NULL, '2024-07-20 03:17:10', 328335, NULL, NULL, 0, 0, 1, NULL, NULL, NULL, NULL, 1),
(415, 'Oppo XA138', NULL, '2024-07-20 03:17:10', 784512, NULL, NULL, 0, 0, 1, NULL, NULL, NULL, NULL, 2),
(416, 'Iphone xs Max138', NULL, '2024-07-20 03:17:10', 596863, NULL, NULL, 0, 0, 1, NULL, NULL, NULL, NULL, 3),
(417, 'Nokia Pro138', NULL, '2024-07-20 03:17:10', 327565, NULL, NULL, 0, 0, 1, NULL, NULL, NULL, NULL, 1),
(418, 'Oppo XA139', NULL, '2024-07-20 03:17:10', 783191, NULL, NULL, 0, 0, 1, NULL, NULL, NULL, NULL, 2),
(419, 'Iphone xs Max139', NULL, '2024-07-20 03:17:10', 671460, NULL, NULL, 0, 0, 1, NULL, NULL, NULL, NULL, 3),
(420, 'Nokia Pro139', NULL, '2024-07-20 03:17:10', 446717, NULL, NULL, 0, 0, 1, NULL, NULL, NULL, NULL, 1),
(421, 'Oppo XA140', NULL, '2024-07-20 03:17:10', 883353, NULL, NULL, 0, 0, 1, NULL, NULL, NULL, NULL, 2),
(422, 'Iphone xs Max140', NULL, '2024-07-20 03:17:10', 520478, NULL, NULL, 0, 0, 1, NULL, NULL, NULL, NULL, 3),
(423, 'Nokia Pro140', NULL, '2024-07-20 03:17:10', 369954, NULL, NULL, 0, 0, 1, NULL, NULL, NULL, NULL, 1),
(424, 'Oppo XA141', NULL, '2024-07-20 03:17:10', 715445, NULL, NULL, 0, 0, 1, NULL, NULL, NULL, NULL, 2),
(425, 'Iphone xs Max141', NULL, '2024-07-20 03:17:10', 703936, NULL, NULL, 0, 0, 1, NULL, NULL, NULL, NULL, 3),
(426, 'Nokia Pro141', NULL, '2024-07-20 03:17:10', 348628, NULL, NULL, 0, 0, 1, NULL, NULL, NULL, NULL, 1),
(427, 'Oppo XA142', NULL, '2024-07-20 03:17:10', 990895, NULL, NULL, 0, 0, 1, NULL, NULL, NULL, NULL, 2),
(428, 'Iphone xs Max142', NULL, '2024-07-20 03:17:10', 710523, NULL, NULL, 0, 0, 1, NULL, NULL, NULL, NULL, 3),
(429, 'Nokia Pro142', NULL, '2024-07-20 03:17:10', 337946, NULL, NULL, 0, 0, 1, NULL, NULL, NULL, NULL, 1),
(430, 'Oppo XA143', NULL, '2024-07-20 03:17:10', 786762, NULL, NULL, 0, 0, 1, NULL, NULL, NULL, NULL, 2),
(431, 'Iphone xs Max143', NULL, '2024-07-20 03:17:10', 785126, NULL, NULL, 0, 0, 1, NULL, NULL, NULL, NULL, 3),
(432, 'Nokia Pro143', NULL, '2024-07-20 03:17:10', 400609, NULL, NULL, 0, 0, 1, NULL, NULL, NULL, NULL, 1),
(433, 'Oppo XA144', NULL, '2024-07-20 03:17:10', 916223, NULL, NULL, 0, 0, 1, NULL, NULL, NULL, NULL, 2),
(434, 'Iphone xs Max144', NULL, '2024-07-20 03:17:10', 542374, NULL, NULL, 0, 0, 1, NULL, NULL, NULL, NULL, 3),
(435, 'Nokia Pro144', NULL, '2024-07-20 03:17:10', 454143, NULL, NULL, 0, 0, 1, NULL, NULL, NULL, NULL, 1),
(436, 'Oppo XA145', NULL, '2024-07-20 03:17:10', 731577, NULL, NULL, 0, 0, 1, NULL, NULL, NULL, NULL, 2),
(437, 'Iphone xs Max145', NULL, '2024-07-20 03:17:10', 752874, NULL, NULL, 0, 0, 1, NULL, NULL, NULL, NULL, 3),
(438, 'Nokia Pro145', NULL, '2024-07-20 03:17:10', 292879, NULL, NULL, 0, 0, 1, NULL, NULL, NULL, NULL, 1),
(439, 'Oppo XA146', NULL, '2024-07-20 03:17:10', 940054, NULL, NULL, 0, 0, 1, NULL, NULL, NULL, NULL, 2),
(440, 'Iphone xs Max146', NULL, '2024-07-20 03:17:10', 518325, NULL, NULL, 0, 0, 1, NULL, NULL, NULL, NULL, 3),
(441, 'Nokia Pro146', NULL, '2024-07-20 03:17:10', 455353, NULL, NULL, 0, 0, 1, NULL, NULL, NULL, NULL, 1),
(442, 'Oppo XA147', NULL, '2024-07-20 03:17:10', 908861, NULL, NULL, 0, 0, 1, NULL, NULL, NULL, NULL, 2),
(443, 'Iphone xs Max147', NULL, '2024-07-20 03:17:10', 640369, NULL, NULL, 0, 0, 1, NULL, NULL, NULL, NULL, 3),
(444, 'Nokia Pro147', NULL, '2024-07-20 03:17:10', 451134, NULL, NULL, 0, 0, 1, NULL, NULL, NULL, NULL, 1),
(445, 'Oppo XA148', NULL, '2024-07-20 03:17:10', 948724, NULL, NULL, 0, 0, 1, NULL, NULL, NULL, NULL, 2),
(446, 'Iphone xs Max148', NULL, '2024-07-20 03:17:10', 738063, NULL, NULL, 0, 0, 1, NULL, NULL, NULL, NULL, 3),
(447, 'Nokia Pro148', NULL, '2024-07-20 03:17:10', 277868, NULL, NULL, 0, 0, 1, NULL, NULL, NULL, NULL, 1),
(448, 'Oppo XA149', NULL, '2024-07-20 03:17:10', 919012, NULL, NULL, 0, 0, 1, NULL, NULL, NULL, NULL, 2),
(449, 'Iphone xs Max149', NULL, '2024-07-20 03:17:10', 683208, NULL, NULL, 0, 0, 1, NULL, NULL, NULL, NULL, 3),
(450, 'Nokia Pro149', NULL, '2024-07-20 03:17:10', 265293, NULL, NULL, 0, 0, 1, NULL, NULL, NULL, NULL, 1),
(451, 'Oppo XA150', NULL, '2024-07-20 03:17:10', 997622, NULL, NULL, 0, 0, 1, NULL, NULL, NULL, NULL, 2),
(452, 'Iphone xs Max150', NULL, '2024-07-20 03:17:10', 536765, NULL, NULL, 0, 0, 1, NULL, NULL, NULL, NULL, 3),
(453, 'Nokia Pro150', NULL, '2024-07-20 03:17:10', 499847, NULL, NULL, 0, 0, 1, NULL, NULL, NULL, NULL, 1),
(454, 'Oppo XA151', NULL, '2024-07-20 03:17:10', 976551, NULL, NULL, 0, 0, 1, NULL, NULL, NULL, NULL, 2),
(455, 'Iphone xs Max151', NULL, '2024-07-20 03:17:10', 609544, NULL, NULL, 0, 0, 1, NULL, NULL, NULL, NULL, 3),
(456, 'Nokia Pro151', NULL, '2024-07-20 03:17:10', 298054, NULL, NULL, 0, 0, 1, NULL, NULL, NULL, NULL, 1),
(457, 'Oppo XA152', NULL, '2024-07-20 03:17:10', 778487, NULL, NULL, 0, 0, 1, NULL, NULL, NULL, NULL, 2),
(458, 'Iphone xs Max152', NULL, '2024-07-20 03:17:10', 506286, NULL, NULL, 0, 0, 1, NULL, NULL, NULL, NULL, 3),
(459, 'Nokia Pro152', NULL, '2024-07-20 03:17:10', 498342, NULL, NULL, 0, 0, 1, NULL, NULL, NULL, NULL, 1),
(460, 'Oppo XA153', NULL, '2024-07-20 03:17:10', 706709, NULL, NULL, 0, 0, 1, NULL, NULL, NULL, NULL, 2),
(461, 'Iphone xs Max153', NULL, '2024-07-20 03:17:10', 582912, NULL, NULL, 0, 0, 1, NULL, NULL, NULL, NULL, 3),
(462, 'Nokia Pro153', NULL, '2024-07-20 03:17:10', 311411, NULL, NULL, 0, 0, 1, NULL, NULL, NULL, NULL, 1),
(463, 'Oppo XA154', NULL, '2024-07-20 03:17:10', 835778, NULL, NULL, 0, 0, 1, NULL, NULL, NULL, NULL, 2),
(464, 'Iphone xs Max154', NULL, '2024-07-20 03:17:10', 772713, NULL, NULL, 0, 0, 1, NULL, NULL, NULL, NULL, 3),
(465, 'Nokia Pro154', NULL, '2024-07-20 03:17:10', 394153, NULL, NULL, 0, 0, 1, NULL, NULL, NULL, NULL, 1),
(466, 'Oppo XA155', NULL, '2024-07-20 03:17:10', 790174, NULL, NULL, 0, 0, 1, NULL, NULL, NULL, NULL, 2),
(467, 'Iphone xs Max155', NULL, '2024-07-20 03:17:10', 671789, NULL, NULL, 0, 0, 1, NULL, NULL, NULL, NULL, 3),
(468, 'Nokia Pro155', NULL, '2024-07-20 03:17:10', 402395, NULL, NULL, 0, 0, 1, NULL, NULL, NULL, NULL, 1),
(469, 'Oppo XA156', NULL, '2024-07-20 03:17:10', 817259, NULL, NULL, 0, 0, 1, NULL, NULL, NULL, NULL, 2),
(470, 'Iphone xs Max156', NULL, '2024-07-20 03:17:10', 794718, NULL, NULL, 0, 0, 1, NULL, NULL, NULL, NULL, 3),
(471, 'Nokia Pro156', NULL, '2024-07-20 03:17:10', 449409, NULL, NULL, 0, 0, 1, NULL, NULL, NULL, NULL, 1);
INSERT INTO `dienthoai` (`id`, `tenDT`, `moTa`, `ngayCapNhat`, `gia`, `giaKM`, `urlHinh`, `soLuong Tonkho`, `hot`, `anHien`, `created_at`, `updated_at`, `baiviet`, `ghichu`, `idLoai`) VALUES
(472, 'Oppo XA157', NULL, '2024-07-20 03:17:10', 870420, NULL, NULL, 0, 0, 1, NULL, NULL, NULL, NULL, 2),
(473, 'Iphone xs Max157', NULL, '2024-07-20 03:17:10', 530411, NULL, NULL, 0, 0, 1, NULL, NULL, NULL, NULL, 3),
(474, 'Nokia Pro157', NULL, '2024-07-20 03:17:10', 307015, NULL, NULL, 0, 0, 1, NULL, NULL, NULL, NULL, 1),
(475, 'Oppo XA158', NULL, '2024-07-20 03:17:10', 743363, NULL, NULL, 0, 0, 1, NULL, NULL, NULL, NULL, 2),
(476, 'Iphone xs Max158', NULL, '2024-07-20 03:17:10', 798767, NULL, NULL, 0, 0, 1, NULL, NULL, NULL, NULL, 3),
(477, 'Nokia Pro158', NULL, '2024-07-20 03:17:10', 435838, NULL, NULL, 0, 0, 1, NULL, NULL, NULL, NULL, 1),
(478, 'Oppo XA159', NULL, '2024-07-20 03:17:10', 878726, NULL, NULL, 0, 0, 1, NULL, NULL, NULL, NULL, 2),
(479, 'Iphone xs Max159', NULL, '2024-07-20 03:17:10', 658953, NULL, NULL, 0, 0, 1, NULL, NULL, NULL, NULL, 3),
(480, 'Nokia Pro159', NULL, '2024-07-20 03:17:10', 444995, NULL, NULL, 0, 0, 1, NULL, NULL, NULL, NULL, 1),
(481, 'Oppo XA160', NULL, '2024-07-20 03:17:10', 892762, NULL, NULL, 0, 0, 1, NULL, NULL, NULL, NULL, 2),
(482, 'Iphone xs Max160', NULL, '2024-07-20 03:17:10', 689535, NULL, NULL, 0, 0, 1, NULL, NULL, NULL, NULL, 3),
(483, 'Nokia Pro160', NULL, '2024-07-20 03:17:10', 417762, NULL, NULL, 0, 0, 1, NULL, NULL, NULL, NULL, 1),
(484, 'Oppo XA161', NULL, '2024-07-20 03:17:10', 853275, NULL, NULL, 0, 0, 1, NULL, NULL, NULL, NULL, 2),
(485, 'Iphone xs Max161', NULL, '2024-07-20 03:17:10', 514588, NULL, NULL, 0, 0, 1, NULL, NULL, NULL, NULL, 3),
(486, 'Nokia Pro161', NULL, '2024-07-20 03:17:10', 300798, NULL, NULL, 0, 0, 1, NULL, NULL, NULL, NULL, 1),
(487, 'Oppo XA162', NULL, '2024-07-20 03:17:10', 798720, NULL, NULL, 0, 0, 1, NULL, NULL, NULL, NULL, 2),
(488, 'Iphone xs Max162', NULL, '2024-07-20 03:17:10', 644200, NULL, NULL, 0, 0, 1, NULL, NULL, NULL, NULL, 3),
(489, 'Nokia Pro162', NULL, '2024-07-20 03:17:10', 425543, NULL, NULL, 0, 0, 1, NULL, NULL, NULL, NULL, 1),
(490, 'Oppo XA163', NULL, '2024-07-20 03:17:10', 951723, NULL, NULL, 0, 0, 1, NULL, NULL, NULL, NULL, 2),
(491, 'Iphone xs Max163', NULL, '2024-07-20 03:17:10', 687291, NULL, NULL, 0, 0, 1, NULL, NULL, NULL, NULL, 3),
(492, 'Nokia Pro163', NULL, '2024-07-20 03:17:10', 434424, NULL, NULL, 0, 0, 1, NULL, NULL, NULL, NULL, 1),
(493, 'Oppo XA164', NULL, '2024-07-20 03:17:10', 727459, NULL, NULL, 0, 0, 1, NULL, NULL, NULL, NULL, 2),
(494, 'Iphone xs Max164', NULL, '2024-07-20 03:17:10', 798685, NULL, NULL, 0, 0, 1, NULL, NULL, NULL, NULL, 3),
(495, 'Nokia Pro164', NULL, '2024-07-20 03:17:10', 421323, NULL, NULL, 0, 0, 1, NULL, NULL, NULL, NULL, 1),
(496, 'Oppo XA165', NULL, '2024-07-20 03:17:10', 979627, NULL, NULL, 0, 0, 1, NULL, NULL, NULL, NULL, 2),
(497, 'Iphone xs Max165', NULL, '2024-07-20 03:17:10', 785377, NULL, NULL, 0, 0, 1, NULL, NULL, NULL, NULL, 3),
(498, 'Nokia Pro165', NULL, '2024-07-20 03:17:10', 423091, NULL, NULL, 0, 0, 1, NULL, NULL, NULL, NULL, 1),
(499, 'Oppo XA166', NULL, '2024-07-20 03:17:10', 856704, NULL, NULL, 0, 0, 1, NULL, NULL, NULL, NULL, 2),
(500, 'Iphone xs Max166', NULL, '2024-07-20 03:17:10', 717909, NULL, NULL, 0, 0, 1, NULL, NULL, NULL, NULL, 3),
(501, 'Nokia Pro166', NULL, '2024-07-20 03:17:10', 340952, NULL, NULL, 0, 0, 1, NULL, NULL, NULL, NULL, 1),
(502, 'Oppo XA167', NULL, '2024-07-20 03:17:10', 950739, NULL, NULL, 0, 0, 1, NULL, NULL, NULL, NULL, 2),
(503, 'Iphone xs Max167', NULL, '2024-07-20 03:17:10', 716195, NULL, NULL, 0, 0, 1, NULL, NULL, NULL, NULL, 3),
(504, 'Nokia Pro167', NULL, '2024-07-20 03:17:10', 403893, NULL, NULL, 0, 0, 1, NULL, NULL, NULL, NULL, 1),
(505, 'Oppo XA168', NULL, '2024-07-20 03:17:10', 972730, NULL, NULL, 0, 0, 1, NULL, NULL, NULL, NULL, 2),
(506, 'Iphone xs Max168', NULL, '2024-07-20 03:17:10', 501603, NULL, NULL, 0, 0, 1, NULL, NULL, NULL, NULL, 3),
(507, 'Nokia Pro168', NULL, '2024-07-20 03:17:10', 330884, NULL, NULL, 0, 0, 1, NULL, NULL, NULL, NULL, 1),
(508, 'Oppo XA169', NULL, '2024-07-20 03:17:10', 867263, NULL, NULL, 0, 0, 1, NULL, NULL, NULL, NULL, 2),
(509, 'Iphone xs Max169', NULL, '2024-07-20 03:17:10', 787351, NULL, NULL, 0, 0, 1, NULL, NULL, NULL, NULL, 3),
(510, 'Nokia Pro169', NULL, '2024-07-20 03:17:10', 453881, NULL, NULL, 0, 0, 1, NULL, NULL, NULL, NULL, 1),
(511, 'Oppo XA170', NULL, '2024-07-20 03:17:10', 932399, NULL, NULL, 0, 0, 1, NULL, NULL, NULL, NULL, 2),
(512, 'Iphone xs Max170', NULL, '2024-07-20 03:17:10', 510020, NULL, NULL, 0, 0, 1, NULL, NULL, NULL, NULL, 3),
(513, 'Nokia Pro170', NULL, '2024-07-20 03:17:10', 369694, NULL, NULL, 0, 0, 1, NULL, NULL, NULL, NULL, 1),
(514, 'Oppo XA171', NULL, '2024-07-20 03:17:10', 893569, NULL, NULL, 0, 0, 1, NULL, NULL, NULL, NULL, 2),
(515, 'Iphone xs Max171', NULL, '2024-07-20 03:17:10', 500834, NULL, NULL, 0, 0, 1, NULL, NULL, NULL, NULL, 3),
(516, 'Nokia Pro171', NULL, '2024-07-20 03:17:10', 331553, NULL, NULL, 0, 0, 1, NULL, NULL, NULL, NULL, 1),
(517, 'Oppo XA172', NULL, '2024-07-20 03:17:10', 978686, NULL, NULL, 0, 0, 1, NULL, NULL, NULL, NULL, 2),
(518, 'Iphone xs Max172', NULL, '2024-07-20 03:17:10', 740822, NULL, NULL, 0, 0, 1, NULL, NULL, NULL, NULL, 3),
(519, 'Nokia Pro172', NULL, '2024-07-20 03:17:10', 393663, NULL, NULL, 0, 0, 1, NULL, NULL, NULL, NULL, 1),
(520, 'Oppo XA173', NULL, '2024-07-20 03:17:10', 809553, NULL, NULL, 0, 0, 1, NULL, NULL, NULL, NULL, 2),
(521, 'Iphone xs Max173', NULL, '2024-07-20 03:17:10', 500660, NULL, NULL, 0, 0, 1, NULL, NULL, NULL, NULL, 3),
(522, 'Nokia Pro173', NULL, '2024-07-20 03:17:10', 277294, NULL, NULL, 0, 0, 1, NULL, NULL, NULL, NULL, 1),
(523, 'Oppo XA174', NULL, '2024-07-20 03:17:10', 740367, NULL, NULL, 0, 0, 1, NULL, NULL, NULL, NULL, 2),
(524, 'Iphone xs Max174', NULL, '2024-07-20 03:17:10', 754055, NULL, NULL, 0, 0, 1, NULL, NULL, NULL, NULL, 3),
(525, 'Nokia Pro174', NULL, '2024-07-20 03:17:10', 431878, NULL, NULL, 0, 0, 1, NULL, NULL, NULL, NULL, 1),
(526, 'Oppo XA175', NULL, '2024-07-20 03:17:10', 837484, NULL, NULL, 0, 0, 1, NULL, NULL, NULL, NULL, 2),
(527, 'Iphone xs Max175', NULL, '2024-07-20 03:17:10', 705904, NULL, NULL, 0, 0, 1, NULL, NULL, NULL, NULL, 3),
(528, 'Nokia Pro175', NULL, '2024-07-20 03:17:10', 270568, NULL, NULL, 0, 0, 1, NULL, NULL, NULL, NULL, 1),
(529, 'Oppo XA176', NULL, '2024-07-20 03:17:10', 751555, NULL, NULL, 0, 0, 1, NULL, NULL, NULL, NULL, 2),
(530, 'Iphone xs Max176', NULL, '2024-07-20 03:17:10', 596061, NULL, NULL, 0, 0, 1, NULL, NULL, NULL, NULL, 3),
(531, 'Nokia Pro176', NULL, '2024-07-20 03:17:10', 416604, NULL, NULL, 0, 0, 1, NULL, NULL, NULL, NULL, 1),
(532, 'Oppo XA177', NULL, '2024-07-20 03:17:10', 913325, NULL, NULL, 0, 0, 1, NULL, NULL, NULL, NULL, 2),
(533, 'Iphone xs Max177', NULL, '2024-07-20 03:17:10', 587380, NULL, NULL, 0, 0, 1, NULL, NULL, NULL, NULL, 3),
(534, 'Nokia Pro177', NULL, '2024-07-20 03:17:10', 429894, NULL, NULL, 0, 0, 1, NULL, NULL, NULL, NULL, 1),
(535, 'Oppo XA178', NULL, '2024-07-20 03:17:10', 778527, NULL, NULL, 0, 0, 1, NULL, NULL, NULL, NULL, 2),
(536, 'Iphone xs Max178', NULL, '2024-07-20 03:17:10', 783029, NULL, NULL, 0, 0, 1, NULL, NULL, NULL, NULL, 3),
(537, 'Nokia Pro178', NULL, '2024-07-20 03:17:10', 428863, NULL, NULL, 0, 0, 1, NULL, NULL, NULL, NULL, 1),
(538, 'Oppo XA179', NULL, '2024-07-20 03:17:10', 974984, NULL, NULL, 0, 0, 1, NULL, NULL, NULL, NULL, 2),
(539, 'Iphone xs Max179', NULL, '2024-07-20 03:17:10', 775850, NULL, NULL, 0, 0, 1, NULL, NULL, NULL, NULL, 3),
(540, 'Nokia Pro179', NULL, '2024-07-20 03:17:10', 371619, NULL, NULL, 0, 0, 1, NULL, NULL, NULL, NULL, 1),
(541, 'Oppo XA180', NULL, '2024-07-20 03:17:10', 733735, NULL, NULL, 0, 0, 1, NULL, NULL, NULL, NULL, 2),
(542, 'Iphone xs Max180', NULL, '2024-07-20 03:17:10', 566871, NULL, NULL, 0, 0, 1, NULL, NULL, NULL, NULL, 3),
(543, 'Nokia Pro180', NULL, '2024-07-20 03:17:10', 263892, NULL, NULL, 0, 0, 1, NULL, NULL, NULL, NULL, 1),
(544, 'Oppo XA181', NULL, '2024-07-20 03:17:10', 958508, NULL, NULL, 0, 0, 1, NULL, NULL, NULL, NULL, 2),
(545, 'Iphone xs Max181', NULL, '2024-07-20 03:17:10', 693004, NULL, NULL, 0, 0, 1, NULL, NULL, NULL, NULL, 3),
(546, 'Nokia Pro181', NULL, '2024-07-20 03:17:10', 460034, NULL, NULL, 0, 0, 1, NULL, NULL, NULL, NULL, 1),
(547, 'Oppo XA182', NULL, '2024-07-20 03:17:10', 999465, NULL, NULL, 0, 0, 1, NULL, NULL, NULL, NULL, 2),
(548, 'Iphone xs Max182', NULL, '2024-07-20 03:17:10', 529613, NULL, NULL, 0, 0, 1, NULL, NULL, NULL, NULL, 3),
(549, 'Nokia Pro182', NULL, '2024-07-20 03:17:10', 337955, NULL, NULL, 0, 0, 1, NULL, NULL, NULL, NULL, 1),
(550, 'Oppo XA183', NULL, '2024-07-20 03:17:10', 870010, NULL, NULL, 0, 0, 1, NULL, NULL, NULL, NULL, 2),
(551, 'Iphone xs Max183', NULL, '2024-07-20 03:17:10', 657311, NULL, NULL, 0, 0, 1, NULL, NULL, NULL, NULL, 3),
(552, 'Nokia Pro183', NULL, '2024-07-20 03:17:10', 428760, NULL, NULL, 0, 0, 1, NULL, NULL, NULL, NULL, 1),
(553, 'Oppo XA184', NULL, '2024-07-20 03:17:10', 913650, NULL, NULL, 0, 0, 1, NULL, NULL, NULL, NULL, 2),
(554, 'Iphone xs Max184', NULL, '2024-07-20 03:17:10', 725170, NULL, NULL, 0, 0, 1, NULL, NULL, NULL, NULL, 3),
(555, 'Nokia Pro184', NULL, '2024-07-20 03:17:10', 406622, NULL, NULL, 0, 0, 1, NULL, NULL, NULL, NULL, 1),
(556, 'Oppo XA185', NULL, '2024-07-20 03:17:10', 912391, NULL, NULL, 0, 0, 1, NULL, NULL, NULL, NULL, 2),
(557, 'Iphone xs Max185', NULL, '2024-07-20 03:17:10', 729697, NULL, NULL, 0, 0, 1, NULL, NULL, NULL, NULL, 3),
(558, 'Nokia Pro185', NULL, '2024-07-20 03:17:10', 435500, NULL, NULL, 0, 0, 1, NULL, NULL, NULL, NULL, 1),
(559, 'Oppo XA186', NULL, '2024-07-20 03:17:10', 942396, NULL, NULL, 0, 0, 1, NULL, NULL, NULL, NULL, 2),
(560, 'Iphone xs Max186', NULL, '2024-07-20 03:17:10', 648570, NULL, NULL, 0, 0, 1, NULL, NULL, NULL, NULL, 3),
(561, 'Nokia Pro186', NULL, '2024-07-20 03:17:10', 437974, NULL, NULL, 0, 0, 1, NULL, NULL, NULL, NULL, 1),
(562, 'Oppo XA187', NULL, '2024-07-20 03:17:10', 763065, NULL, NULL, 0, 0, 1, NULL, NULL, NULL, NULL, 2),
(563, 'Iphone xs Max187', NULL, '2024-07-20 03:17:10', 729077, NULL, NULL, 0, 0, 1, NULL, NULL, NULL, NULL, 3),
(564, 'Nokia Pro187', NULL, '2024-07-20 03:17:10', 276730, NULL, NULL, 0, 0, 1, NULL, NULL, NULL, NULL, 1),
(565, 'Oppo XA188', NULL, '2024-07-20 03:17:10', 871271, NULL, NULL, 0, 0, 1, NULL, NULL, NULL, NULL, 2),
(566, 'Iphone xs Max188', NULL, '2024-07-20 03:17:10', 618584, NULL, NULL, 0, 0, 1, NULL, NULL, NULL, NULL, 3),
(567, 'Nokia Pro188', NULL, '2024-07-20 03:17:10', 286600, NULL, NULL, 0, 0, 1, NULL, NULL, NULL, NULL, 1),
(568, 'Oppo XA189', NULL, '2024-07-20 03:17:10', 780948, NULL, NULL, 0, 0, 1, NULL, NULL, NULL, NULL, 2),
(569, 'Iphone xs Max189', NULL, '2024-07-20 03:17:10', 726340, NULL, NULL, 0, 0, 1, NULL, NULL, NULL, NULL, 3),
(570, 'Nokia Pro189', NULL, '2024-07-20 03:17:10', 336805, NULL, NULL, 0, 0, 1, NULL, NULL, NULL, NULL, 1),
(571, 'Oppo XA190', NULL, '2024-07-20 03:17:10', 857638, NULL, NULL, 0, 0, 1, NULL, NULL, NULL, NULL, 2),
(572, 'Iphone xs Max190', NULL, '2024-07-20 03:17:10', 716401, NULL, NULL, 0, 0, 1, NULL, NULL, NULL, NULL, 3),
(573, 'Nokia Pro190', NULL, '2024-07-20 03:17:10', 320331, NULL, NULL, 0, 0, 1, NULL, NULL, NULL, NULL, 1),
(574, 'Oppo XA191', NULL, '2024-07-20 03:17:10', 922929, NULL, NULL, 0, 0, 1, NULL, NULL, NULL, NULL, 2),
(575, 'Iphone xs Max191', NULL, '2024-07-20 03:17:10', 560081, NULL, NULL, 0, 0, 1, NULL, NULL, NULL, NULL, 3),
(576, 'Nokia Pro191', NULL, '2024-07-20 03:17:10', 480039, NULL, NULL, 0, 0, 1, NULL, NULL, NULL, NULL, 1),
(577, 'Oppo XA192', NULL, '2024-07-20 03:17:10', 873674, NULL, NULL, 0, 0, 1, NULL, NULL, NULL, NULL, 2),
(578, 'Iphone xs Max192', NULL, '2024-07-20 03:17:10', 555362, NULL, NULL, 0, 0, 1, NULL, NULL, NULL, NULL, 3),
(579, 'Nokia Pro192', NULL, '2024-07-20 03:17:10', 462487, NULL, NULL, 0, 0, 1, NULL, NULL, NULL, NULL, 1),
(580, 'Oppo XA193', NULL, '2024-07-20 03:17:10', 734602, NULL, NULL, 0, 0, 1, NULL, NULL, NULL, NULL, 2),
(581, 'Iphone xs Max193', NULL, '2024-07-20 03:17:10', 537163, NULL, NULL, 0, 0, 1, NULL, NULL, NULL, NULL, 3),
(582, 'Nokia Pro193', NULL, '2024-07-20 03:17:10', 300692, NULL, NULL, 0, 0, 1, NULL, NULL, NULL, NULL, 1),
(583, 'Oppo XA194', NULL, '2024-07-20 03:17:10', 856598, NULL, NULL, 0, 0, 1, NULL, NULL, NULL, NULL, 2),
(584, 'Iphone xs Max194', NULL, '2024-07-20 03:17:10', 644088, NULL, NULL, 0, 0, 1, NULL, NULL, NULL, NULL, 3),
(585, 'Nokia Pro194', NULL, '2024-07-20 03:17:10', 303014, NULL, NULL, 0, 0, 1, NULL, NULL, NULL, NULL, 1),
(586, 'Oppo XA195', NULL, '2024-07-20 03:17:10', 913643, NULL, NULL, 0, 0, 1, NULL, NULL, NULL, NULL, 2),
(587, 'Iphone xs Max195', NULL, '2024-07-20 03:17:10', 779469, NULL, NULL, 0, 0, 1, NULL, NULL, NULL, NULL, 3),
(588, 'Nokia Pro195', NULL, '2024-07-20 03:17:10', 316971, NULL, NULL, 0, 0, 1, NULL, NULL, NULL, NULL, 1),
(589, 'Oppo XA196', NULL, '2024-07-20 03:17:10', 714172, NULL, NULL, 0, 0, 1, NULL, NULL, NULL, NULL, 2),
(590, 'Iphone xs Max196', NULL, '2024-07-20 03:17:10', 699056, NULL, NULL, 0, 0, 1, NULL, NULL, NULL, NULL, 3),
(591, 'Nokia Pro196', NULL, '2024-07-20 03:17:10', 377921, NULL, NULL, 0, 0, 1, NULL, NULL, NULL, NULL, 1),
(592, 'Oppo XA197', NULL, '2024-07-20 03:17:10', 986846, NULL, NULL, 0, 0, 1, NULL, NULL, NULL, NULL, 2),
(593, 'Iphone xs Max197', NULL, '2024-07-20 03:17:10', 644663, NULL, NULL, 0, 0, 1, NULL, NULL, NULL, NULL, 3),
(594, 'Nokia Pro197', NULL, '2024-07-20 03:17:10', 466382, NULL, NULL, 0, 0, 1, NULL, NULL, NULL, NULL, 1),
(595, 'Oppo XA198', NULL, '2024-07-20 03:17:10', 882306, NULL, NULL, 0, 0, 1, NULL, NULL, NULL, NULL, 2),
(596, 'Iphone xs Max198', NULL, '2024-07-20 03:17:10', 710242, NULL, NULL, 0, 0, 1, NULL, NULL, NULL, NULL, 3),
(597, 'Nokia Pro198', NULL, '2024-07-20 03:17:10', 350257, NULL, NULL, 0, 0, 1, NULL, NULL, NULL, NULL, 1),
(598, 'Oppo XA199', NULL, '2024-07-20 03:17:10', 772778, NULL, NULL, 0, 0, 1, NULL, NULL, NULL, NULL, 2),
(599, 'Iphone xs Max199', NULL, '2024-07-20 03:17:10', 554312, NULL, NULL, 0, 0, 1, NULL, NULL, NULL, NULL, 3),
(600, 'Nokia Pro199', NULL, '2024-07-20 03:17:10', 261213, NULL, NULL, 0, 0, 1, NULL, NULL, NULL, NULL, 1),
(601, 'Oppo XA200', NULL, '2024-07-20 03:17:10', 927540, NULL, NULL, 0, 0, 1, NULL, NULL, NULL, NULL, 2),
(602, 'Iphone xs Max200', NULL, '2024-07-20 03:17:10', 533177, NULL, NULL, 0, 0, 1, NULL, NULL, NULL, NULL, 3),
(603, 'Nokia Pro200', NULL, '2024-07-20 03:17:10', 472756, NULL, NULL, 0, 0, 1, NULL, NULL, NULL, NULL, 1),
(604, 'Oppo XA201', NULL, '2024-07-20 03:17:10', 735119, NULL, NULL, 0, 0, 1, NULL, NULL, NULL, NULL, 2),
(605, 'Iphone xs Max201', NULL, '2024-07-20 03:17:10', 686263, NULL, NULL, 0, 0, 1, NULL, NULL, NULL, NULL, 3),
(606, 'Nokia Pro201', NULL, '2024-07-20 03:17:10', 457438, NULL, NULL, 0, 0, 1, NULL, NULL, NULL, NULL, 1),
(607, 'Oppo XA202', NULL, '2024-07-20 03:17:10', 823574, NULL, NULL, 0, 0, 1, NULL, NULL, NULL, NULL, 2),
(608, 'Iphone xs Max202', NULL, '2024-07-20 03:17:10', 605976, NULL, NULL, 0, 0, 1, NULL, NULL, NULL, NULL, 3),
(609, 'Nokia Pro202', NULL, '2024-07-20 03:17:10', 291527, NULL, NULL, 0, 0, 1, NULL, NULL, NULL, NULL, 1),
(610, 'Oppo XA203', NULL, '2024-07-20 03:17:10', 799309, NULL, NULL, 0, 0, 1, NULL, NULL, NULL, NULL, 2),
(611, 'Iphone xs Max203', NULL, '2024-07-20 03:17:10', 507255, NULL, NULL, 0, 0, 1, NULL, NULL, NULL, NULL, 3),
(612, 'Nokia Pro203', NULL, '2024-07-20 03:17:10', 302148, NULL, NULL, 0, 0, 1, NULL, NULL, NULL, NULL, 1),
(613, 'Oppo XA204', NULL, '2024-07-20 03:17:10', 849325, NULL, NULL, 0, 0, 1, NULL, NULL, NULL, NULL, 2),
(614, 'Iphone xs Max204', NULL, '2024-07-20 03:17:10', 725437, NULL, NULL, 0, 0, 1, NULL, NULL, NULL, NULL, 3),
(615, 'Nokia Pro204', NULL, '2024-07-20 03:17:10', 337856, NULL, NULL, 0, 0, 1, NULL, NULL, NULL, NULL, 1),
(616, 'Oppo XA205', NULL, '2024-07-20 03:17:10', 861514, NULL, NULL, 0, 0, 1, NULL, NULL, NULL, NULL, 2),
(617, 'Iphone xs Max205', NULL, '2024-07-20 03:17:10', 585784, NULL, NULL, 0, 0, 1, NULL, NULL, NULL, NULL, 3),
(618, 'Nokia Pro205', NULL, '2024-07-20 03:17:10', 438759, NULL, NULL, 0, 0, 1, NULL, NULL, NULL, NULL, 1),
(619, 'Oppo XA206', NULL, '2024-07-20 03:17:10', 970408, NULL, NULL, 0, 0, 1, NULL, NULL, NULL, NULL, 2),
(620, 'Iphone xs Max206', NULL, '2024-07-20 03:17:10', 578930, NULL, NULL, 0, 0, 1, NULL, NULL, NULL, NULL, 3),
(621, 'Nokia Pro206', NULL, '2024-07-20 03:17:10', 272351, NULL, NULL, 0, 0, 1, NULL, NULL, NULL, NULL, 1),
(622, 'Oppo XA207', NULL, '2024-07-20 03:17:10', 791465, NULL, NULL, 0, 0, 1, NULL, NULL, NULL, NULL, 2),
(623, 'Iphone xs Max207', NULL, '2024-07-20 03:17:10', 600474, NULL, NULL, 0, 0, 1, NULL, NULL, NULL, NULL, 3),
(624, 'Nokia Pro207', NULL, '2024-07-20 03:17:10', 389236, NULL, NULL, 0, 0, 1, NULL, NULL, NULL, NULL, 1),
(625, 'Oppo XA208', NULL, '2024-07-20 03:17:10', 749377, NULL, NULL, 0, 0, 1, NULL, NULL, NULL, NULL, 2),
(626, 'Iphone xs Max208', NULL, '2024-07-20 03:17:10', 592643, NULL, NULL, 0, 0, 1, NULL, NULL, NULL, NULL, 3),
(627, 'Nokia Pro208', NULL, '2024-07-20 03:17:10', 423307, NULL, NULL, 0, 0, 1, NULL, NULL, NULL, NULL, 1),
(628, 'Oppo XA209', NULL, '2024-07-20 03:17:10', 960851, NULL, NULL, 0, 0, 1, NULL, NULL, NULL, NULL, 2),
(629, 'Iphone xs Max209', NULL, '2024-07-20 03:17:10', 667592, NULL, NULL, 0, 0, 1, NULL, NULL, NULL, NULL, 3),
(630, 'Nokia Pro209', NULL, '2024-07-20 03:17:10', 467063, NULL, NULL, 0, 0, 1, NULL, NULL, NULL, NULL, 1),
(631, 'Oppo XA210', NULL, '2024-07-20 03:17:10', 736762, NULL, NULL, 0, 0, 1, NULL, NULL, NULL, NULL, 2),
(632, 'Iphone xs Max210', NULL, '2024-07-20 03:17:10', 584212, NULL, NULL, 0, 0, 1, NULL, NULL, NULL, NULL, 3),
(633, 'Nokia Pro210', NULL, '2024-07-20 03:17:10', 383793, NULL, NULL, 0, 0, 1, NULL, NULL, NULL, NULL, 1),
(634, 'Oppo XA211', NULL, '2024-07-20 03:17:10', 904841, NULL, NULL, 0, 0, 1, NULL, NULL, NULL, NULL, 2),
(635, 'Iphone xs Max211', NULL, '2024-07-20 03:17:10', 509826, NULL, NULL, 0, 0, 1, NULL, NULL, NULL, NULL, 3),
(636, 'Nokia Pro211', NULL, '2024-07-20 03:17:10', 464579, NULL, NULL, 0, 0, 1, NULL, NULL, NULL, NULL, 1),
(637, 'Oppo XA212', NULL, '2024-07-20 03:17:10', 842634, NULL, NULL, 0, 0, 1, NULL, NULL, NULL, NULL, 2),
(638, 'Iphone xs Max212', NULL, '2024-07-20 03:17:10', 714148, NULL, NULL, 0, 0, 1, NULL, NULL, NULL, NULL, 3),
(639, 'Nokia Pro212', NULL, '2024-07-20 03:17:10', 498852, NULL, NULL, 0, 0, 1, NULL, NULL, NULL, NULL, 1),
(640, 'Oppo XA213', NULL, '2024-07-20 03:17:10', 798802, NULL, NULL, 0, 0, 1, NULL, NULL, NULL, NULL, 2),
(641, 'Iphone xs Max213', NULL, '2024-07-20 03:17:10', 619756, NULL, NULL, 0, 0, 1, NULL, NULL, NULL, NULL, 3),
(642, 'Nokia Pro213', NULL, '2024-07-20 03:17:10', 405535, NULL, NULL, 0, 0, 1, NULL, NULL, NULL, NULL, 1),
(643, 'Oppo XA214', NULL, '2024-07-20 03:17:10', 992122, NULL, NULL, 0, 0, 1, NULL, NULL, NULL, NULL, 2),
(644, 'Iphone xs Max214', NULL, '2024-07-20 03:17:10', 718053, NULL, NULL, 0, 0, 1, NULL, NULL, NULL, NULL, 3),
(645, 'Nokia Pro214', NULL, '2024-07-20 03:17:10', 263589, NULL, NULL, 0, 0, 1, NULL, NULL, NULL, NULL, 1),
(646, 'Oppo XA215', NULL, '2024-07-20 03:17:10', 994874, NULL, NULL, 0, 0, 1, NULL, NULL, NULL, NULL, 2),
(647, 'Iphone xs Max215', NULL, '2024-07-20 03:17:10', 511456, NULL, NULL, 0, 0, 1, NULL, NULL, NULL, NULL, 3),
(648, 'Nokia Pro215', NULL, '2024-07-20 03:17:10', 320411, NULL, NULL, 0, 0, 1, NULL, NULL, NULL, NULL, 1),
(649, 'Oppo XA216', NULL, '2024-07-20 03:17:10', 962925, NULL, NULL, 0, 0, 1, NULL, NULL, NULL, NULL, 2),
(650, 'Iphone xs Max216', NULL, '2024-07-20 03:17:10', 640371, NULL, NULL, 0, 0, 1, NULL, NULL, NULL, NULL, 3),
(651, 'Nokia Pro216', NULL, '2024-07-20 03:17:10', 343756, NULL, NULL, 0, 0, 1, NULL, NULL, NULL, NULL, 1),
(652, 'Oppo XA217', NULL, '2024-07-20 03:17:10', 797901, NULL, NULL, 0, 0, 1, NULL, NULL, NULL, NULL, 2),
(653, 'Iphone xs Max217', NULL, '2024-07-20 03:17:10', 582244, NULL, NULL, 0, 0, 1, NULL, NULL, NULL, NULL, 3),
(654, 'Nokia Pro217', NULL, '2024-07-20 03:17:10', 371461, NULL, NULL, 0, 0, 1, NULL, NULL, NULL, NULL, 1),
(655, 'Oppo XA218', NULL, '2024-07-20 03:17:10', 982363, NULL, NULL, 0, 0, 1, NULL, NULL, NULL, NULL, 2),
(656, 'Iphone xs Max218', NULL, '2024-07-20 03:17:10', 670284, NULL, NULL, 0, 0, 1, NULL, NULL, NULL, NULL, 3),
(657, 'Nokia Pro218', NULL, '2024-07-20 03:17:10', 475134, NULL, NULL, 0, 0, 1, NULL, NULL, NULL, NULL, 1),
(658, 'Oppo XA219', NULL, '2024-07-20 03:17:10', 825210, NULL, NULL, 0, 0, 1, NULL, NULL, NULL, NULL, 2),
(659, 'Iphone xs Max219', NULL, '2024-07-20 03:17:10', 668537, NULL, NULL, 0, 0, 1, NULL, NULL, NULL, NULL, 3),
(660, 'Nokia Pro219', NULL, '2024-07-20 03:17:10', 495963, NULL, NULL, 0, 0, 1, NULL, NULL, NULL, NULL, 1),
(661, 'Oppo XA220', NULL, '2024-07-20 03:17:10', 948313, NULL, NULL, 0, 0, 1, NULL, NULL, NULL, NULL, 2),
(662, 'Iphone xs Max220', NULL, '2024-07-20 03:17:10', 737109, NULL, NULL, 0, 0, 1, NULL, NULL, NULL, NULL, 3),
(663, 'Nokia Pro220', NULL, '2024-07-20 03:17:10', 433613, NULL, NULL, 0, 0, 1, NULL, NULL, NULL, NULL, 1),
(664, 'Oppo XA221', NULL, '2024-07-20 03:17:10', 737247, NULL, NULL, 0, 0, 1, NULL, NULL, NULL, NULL, 2),
(665, 'Iphone xs Max221', NULL, '2024-07-20 03:17:10', 755343, NULL, NULL, 0, 0, 1, NULL, NULL, NULL, NULL, 3),
(666, 'Nokia Pro221', NULL, '2024-07-20 03:17:10', 394029, NULL, NULL, 0, 0, 1, NULL, NULL, NULL, NULL, 1),
(667, 'Oppo XA222', NULL, '2024-07-20 03:17:10', 744013, NULL, NULL, 0, 0, 1, NULL, NULL, NULL, NULL, 2),
(668, 'Iphone xs Max222', NULL, '2024-07-20 03:17:10', 572230, NULL, NULL, 0, 0, 1, NULL, NULL, NULL, NULL, 3),
(669, 'Nokia Pro222', NULL, '2024-07-20 03:17:10', 329523, NULL, NULL, 0, 0, 1, NULL, NULL, NULL, NULL, 1),
(670, 'Oppo XA223', NULL, '2024-07-20 03:17:10', 746007, NULL, NULL, 0, 0, 1, NULL, NULL, NULL, NULL, 2),
(671, 'Iphone xs Max223', NULL, '2024-07-20 03:17:10', 687754, NULL, NULL, 0, 0, 1, NULL, NULL, NULL, NULL, 3),
(672, 'Nokia Pro223', NULL, '2024-07-20 03:17:10', 337319, NULL, NULL, 0, 0, 1, NULL, NULL, NULL, NULL, 1),
(673, 'Oppo XA224', NULL, '2024-07-20 03:17:10', 755183, NULL, NULL, 0, 0, 1, NULL, NULL, NULL, NULL, 2),
(674, 'Iphone xs Max224', NULL, '2024-07-20 03:17:10', 759625, NULL, NULL, 0, 0, 1, NULL, NULL, NULL, NULL, 3),
(675, 'Nokia Pro224', NULL, '2024-07-20 03:17:10', 490267, NULL, NULL, 0, 0, 1, NULL, NULL, NULL, NULL, 1),
(676, 'Oppo XA225', NULL, '2024-07-20 03:17:10', 765904, NULL, NULL, 0, 0, 1, NULL, NULL, NULL, NULL, 2),
(677, 'Iphone xs Max225', NULL, '2024-07-20 03:17:10', 610820, NULL, NULL, 0, 0, 1, NULL, NULL, NULL, NULL, 3),
(678, 'Nokia Pro225', NULL, '2024-07-20 03:17:10', 319333, NULL, NULL, 0, 0, 1, NULL, NULL, NULL, NULL, 1),
(679, 'Oppo XA226', NULL, '2024-07-20 03:17:10', 785990, NULL, NULL, 0, 0, 1, NULL, NULL, NULL, NULL, 2),
(680, 'Iphone xs Max226', NULL, '2024-07-20 03:17:10', 656294, NULL, NULL, 0, 0, 1, NULL, NULL, NULL, NULL, 3),
(681, 'Nokia Pro226', NULL, '2024-07-20 03:17:10', 332859, NULL, NULL, 0, 0, 1, NULL, NULL, NULL, NULL, 1),
(682, 'Oppo XA227', NULL, '2024-07-20 03:17:10', 973620, NULL, NULL, 0, 0, 1, NULL, NULL, NULL, NULL, 2),
(683, 'Iphone xs Max227', NULL, '2024-07-20 03:17:10', 621908, NULL, NULL, 0, 0, 1, NULL, NULL, NULL, NULL, 3),
(684, 'Nokia Pro227', NULL, '2024-07-20 03:17:10', 468143, NULL, NULL, 0, 0, 1, NULL, NULL, NULL, NULL, 1),
(685, 'Oppo XA228', NULL, '2024-07-20 03:17:10', 978798, NULL, NULL, 0, 0, 1, NULL, NULL, NULL, NULL, 2),
(686, 'Iphone xs Max228', NULL, '2024-07-20 03:17:10', 769845, NULL, NULL, 0, 0, 1, NULL, NULL, NULL, NULL, 3),
(687, 'Nokia Pro228', NULL, '2024-07-20 03:17:10', 298303, NULL, NULL, 0, 0, 1, NULL, NULL, NULL, NULL, 1),
(688, 'Oppo XA229', NULL, '2024-07-20 03:17:10', 953234, NULL, NULL, 0, 0, 1, NULL, NULL, NULL, NULL, 2),
(689, 'Iphone xs Max229', NULL, '2024-07-20 03:17:10', 567058, NULL, NULL, 0, 0, 1, NULL, NULL, NULL, NULL, 3),
(690, 'Nokia Pro229', NULL, '2024-07-20 03:17:10', 295331, NULL, NULL, 0, 0, 1, NULL, NULL, NULL, NULL, 1),
(691, 'Oppo XA230', NULL, '2024-07-20 03:17:10', 703143, NULL, NULL, 0, 0, 1, NULL, NULL, NULL, NULL, 2),
(692, 'Iphone xs Max230', NULL, '2024-07-20 03:17:10', 728605, NULL, NULL, 0, 0, 1, NULL, NULL, NULL, NULL, 3),
(693, 'Nokia Pro230', NULL, '2024-07-20 03:17:10', 256843, NULL, NULL, 0, 0, 1, NULL, NULL, NULL, NULL, 1),
(694, 'Oppo XA231', NULL, '2024-07-20 03:17:10', 907315, NULL, NULL, 0, 0, 1, NULL, NULL, NULL, NULL, 2),
(695, 'Iphone xs Max231', NULL, '2024-07-20 03:17:10', 642610, NULL, NULL, 0, 0, 1, NULL, NULL, NULL, NULL, 3),
(696, 'Nokia Pro231', NULL, '2024-07-20 03:17:10', 274051, NULL, NULL, 0, 0, 1, NULL, NULL, NULL, NULL, 1),
(697, 'Oppo XA232', NULL, '2024-07-20 03:17:10', 997336, NULL, NULL, 0, 0, 1, NULL, NULL, NULL, NULL, 2),
(698, 'Iphone xs Max232', NULL, '2024-07-20 03:17:10', 625572, NULL, NULL, 0, 0, 1, NULL, NULL, NULL, NULL, 3),
(699, 'Nokia Pro232', NULL, '2024-07-20 03:17:10', 399109, NULL, NULL, 0, 0, 1, NULL, NULL, NULL, NULL, 1),
(700, 'Oppo XA233', NULL, '2024-07-20 03:17:10', 913173, NULL, NULL, 0, 0, 1, NULL, NULL, NULL, NULL, 2),
(701, 'Iphone xs Max233', NULL, '2024-07-20 03:17:10', 619409, NULL, NULL, 0, 0, 1, NULL, NULL, NULL, NULL, 3),
(702, 'Nokia Pro233', NULL, '2024-07-20 03:17:10', 377794, NULL, NULL, 0, 0, 1, NULL, NULL, NULL, NULL, 1),
(703, 'Oppo XA234', NULL, '2024-07-20 03:17:10', 787253, NULL, NULL, 0, 0, 1, NULL, NULL, NULL, NULL, 2),
(704, 'Iphone xs Max234', NULL, '2024-07-20 03:17:10', 579912, NULL, NULL, 0, 0, 1, NULL, NULL, NULL, NULL, 3),
(705, 'Nokia Pro234', NULL, '2024-07-20 03:17:10', 483799, NULL, NULL, 0, 0, 1, NULL, NULL, NULL, NULL, 1),
(706, 'Oppo XA235', NULL, '2024-07-20 03:17:10', 773275, NULL, NULL, 0, 0, 1, NULL, NULL, NULL, NULL, 2),
(707, 'Iphone xs Max235', NULL, '2024-07-20 03:17:10', 502639, NULL, NULL, 0, 0, 1, NULL, NULL, NULL, NULL, 3),
(708, 'Nokia Pro235', NULL, '2024-07-20 03:17:10', 439637, NULL, NULL, 0, 0, 1, NULL, NULL, NULL, NULL, 1),
(709, 'Oppo XA236', NULL, '2024-07-20 03:17:10', 971114, NULL, NULL, 0, 0, 1, NULL, NULL, NULL, NULL, 2),
(710, 'Iphone xs Max236', NULL, '2024-07-20 03:17:10', 681519, NULL, NULL, 0, 0, 1, NULL, NULL, NULL, NULL, 3),
(711, 'Nokia Pro236', NULL, '2024-07-20 03:17:10', 499322, NULL, NULL, 0, 0, 1, NULL, NULL, NULL, NULL, 1),
(712, 'Oppo XA237', NULL, '2024-07-20 03:17:10', 997561, NULL, NULL, 0, 0, 1, NULL, NULL, NULL, NULL, 2),
(713, 'Iphone xs Max237', NULL, '2024-07-20 03:17:10', 522085, NULL, NULL, 0, 0, 1, NULL, NULL, NULL, NULL, 3),
(714, 'Nokia Pro237', NULL, '2024-07-20 03:17:10', 292192, NULL, NULL, 0, 0, 1, NULL, NULL, NULL, NULL, 1),
(715, 'Oppo XA238', NULL, '2024-07-20 03:17:10', 892433, NULL, NULL, 0, 0, 1, NULL, NULL, NULL, NULL, 2),
(716, 'Iphone xs Max238', NULL, '2024-07-20 03:17:10', 618009, NULL, NULL, 0, 0, 1, NULL, NULL, NULL, NULL, 3),
(717, 'Nokia Pro238', NULL, '2024-07-20 03:17:10', 360219, NULL, NULL, 0, 0, 1, NULL, NULL, NULL, NULL, 1),
(718, 'Oppo XA239', NULL, '2024-07-20 03:17:10', 909865, NULL, NULL, 0, 0, 1, NULL, NULL, NULL, NULL, 2),
(719, 'Iphone xs Max239', NULL, '2024-07-20 03:17:10', 692307, NULL, NULL, 0, 0, 1, NULL, NULL, NULL, NULL, 3),
(720, 'Nokia Pro239', NULL, '2024-07-20 03:17:10', 494408, NULL, NULL, 0, 0, 1, NULL, NULL, NULL, NULL, 1),
(721, 'Oppo XA240', NULL, '2024-07-20 03:17:10', 745908, NULL, NULL, 0, 0, 1, NULL, NULL, NULL, NULL, 2),
(722, 'Iphone xs Max240', NULL, '2024-07-20 03:17:10', 649421, NULL, NULL, 0, 0, 1, NULL, NULL, NULL, NULL, 3),
(723, 'Nokia Pro240', NULL, '2024-07-20 03:17:10', 472938, NULL, NULL, 0, 0, 1, NULL, NULL, NULL, NULL, 1),
(724, 'Oppo XA241', NULL, '2024-07-20 03:17:10', 960632, NULL, NULL, 0, 0, 1, NULL, NULL, NULL, NULL, 2),
(725, 'Iphone xs Max241', NULL, '2024-07-20 03:17:10', 710602, NULL, NULL, 0, 0, 1, NULL, NULL, NULL, NULL, 3),
(726, 'Nokia Pro241', NULL, '2024-07-20 03:17:10', 265373, NULL, NULL, 0, 0, 1, NULL, NULL, NULL, NULL, 1),
(727, 'Oppo XA242', NULL, '2024-07-20 03:17:10', 945803, NULL, NULL, 0, 0, 1, NULL, NULL, NULL, NULL, 2),
(728, 'Iphone xs Max242', NULL, '2024-07-20 03:17:10', 614880, NULL, NULL, 0, 0, 1, NULL, NULL, NULL, NULL, 3),
(729, 'Nokia Pro242', NULL, '2024-07-20 03:17:10', 419104, NULL, NULL, 0, 0, 1, NULL, NULL, NULL, NULL, 1),
(730, 'Oppo XA243', NULL, '2024-07-20 03:17:10', 845077, NULL, NULL, 0, 0, 1, NULL, NULL, NULL, NULL, 2),
(731, 'Iphone xs Max243', NULL, '2024-07-20 03:17:10', 512995, NULL, NULL, 0, 0, 1, NULL, NULL, NULL, NULL, 3),
(732, 'Nokia Pro243', NULL, '2024-07-20 03:17:10', 411744, NULL, NULL, 0, 0, 1, NULL, NULL, NULL, NULL, 1),
(733, 'Oppo XA244', NULL, '2024-07-20 03:17:10', 954206, NULL, NULL, 0, 0, 1, NULL, NULL, NULL, NULL, 2),
(734, 'Iphone xs Max244', NULL, '2024-07-20 03:17:10', 535177, NULL, NULL, 0, 0, 1, NULL, NULL, NULL, NULL, 3),
(735, 'Nokia Pro244', NULL, '2024-07-20 03:17:10', 344856, NULL, NULL, 0, 0, 1, NULL, NULL, NULL, NULL, 1),
(736, 'Oppo XA245', NULL, '2024-07-20 03:17:10', 993730, NULL, NULL, 0, 0, 1, NULL, NULL, NULL, NULL, 2),
(737, 'Iphone xs Max245', NULL, '2024-07-20 03:17:10', 626690, NULL, NULL, 0, 0, 1, NULL, NULL, NULL, NULL, 3),
(738, 'Nokia Pro245', NULL, '2024-07-20 03:17:10', 337928, NULL, NULL, 0, 0, 1, NULL, NULL, NULL, NULL, 1),
(739, 'Oppo XA246', NULL, '2024-07-20 03:17:10', 900926, NULL, NULL, 0, 0, 1, NULL, NULL, NULL, NULL, 2),
(740, 'Iphone xs Max246', NULL, '2024-07-20 03:17:10', 700505, NULL, NULL, 0, 0, 1, NULL, NULL, NULL, NULL, 3),
(741, 'Nokia Pro246', NULL, '2024-07-20 03:17:10', 379101, NULL, NULL, 0, 0, 1, NULL, NULL, NULL, NULL, 1),
(742, 'Oppo XA247', NULL, '2024-07-20 03:17:10', 764782, NULL, NULL, 0, 0, 1, NULL, NULL, NULL, NULL, 2),
(743, 'Iphone xs Max247', NULL, '2024-07-20 03:17:10', 605456, NULL, NULL, 0, 0, 1, NULL, NULL, NULL, NULL, 3),
(744, 'Nokia Pro247', NULL, '2024-07-20 03:17:10', 420132, NULL, NULL, 0, 0, 1, NULL, NULL, NULL, NULL, 1),
(745, 'Oppo XA248', NULL, '2024-07-20 03:17:10', 957228, NULL, NULL, 0, 0, 1, NULL, NULL, NULL, NULL, 2),
(746, 'Iphone xs Max248', NULL, '2024-07-20 03:17:10', 521424, NULL, NULL, 0, 0, 1, NULL, NULL, NULL, NULL, 3),
(747, 'Nokia Pro248', NULL, '2024-07-20 03:17:10', 492078, NULL, NULL, 0, 0, 1, NULL, NULL, NULL, NULL, 1),
(748, 'Oppo XA249', NULL, '2024-07-20 03:17:10', 853523, NULL, NULL, 0, 0, 1, NULL, NULL, NULL, NULL, 2),
(749, 'Iphone xs Max249', NULL, '2024-07-20 03:17:10', 509425, NULL, NULL, 0, 0, 1, NULL, NULL, NULL, NULL, 3),
(750, 'Nokia Pro249', NULL, '2024-07-20 03:17:10', 376771, NULL, NULL, 0, 0, 1, NULL, NULL, NULL, NULL, 1),
(751, 'Oppo XA250', NULL, '2024-07-20 03:17:10', 777044, NULL, NULL, 0, 0, 1, NULL, NULL, NULL, NULL, 2),
(752, 'Iphone xs Max250', NULL, '2024-07-20 03:17:10', 784388, NULL, NULL, 0, 0, 1, NULL, NULL, NULL, NULL, 3),
(753, 'Nokia Pro250', NULL, '2024-07-20 03:17:10', 384415, NULL, NULL, 0, 0, 1, NULL, NULL, NULL, NULL, 1),
(754, 'Oppo XA251', NULL, '2024-07-20 03:17:10', 710232, NULL, NULL, 0, 0, 1, NULL, NULL, NULL, NULL, 2),
(755, 'Iphone xs Max251', NULL, '2024-07-20 03:17:10', 722031, NULL, NULL, 0, 0, 1, NULL, NULL, NULL, NULL, 3),
(756, 'Nokia Pro251', NULL, '2024-07-20 03:17:10', 483806, NULL, NULL, 0, 0, 1, NULL, NULL, NULL, NULL, 1),
(757, 'Oppo XA252', NULL, '2024-07-20 03:17:10', 897385, NULL, NULL, 0, 0, 1, NULL, NULL, NULL, NULL, 2),
(758, 'Iphone xs Max252', NULL, '2024-07-20 03:17:10', 564954, NULL, NULL, 0, 0, 1, NULL, NULL, NULL, NULL, 3),
(759, 'Nokia Pro252', NULL, '2024-07-20 03:17:10', 434130, NULL, NULL, 0, 0, 1, NULL, NULL, NULL, NULL, 1),
(760, 'Oppo XA253', NULL, '2024-07-20 03:17:10', 991804, NULL, NULL, 0, 0, 1, NULL, NULL, NULL, NULL, 2),
(761, 'Iphone xs Max253', NULL, '2024-07-20 03:17:10', 603215, NULL, NULL, 0, 0, 1, NULL, NULL, NULL, NULL, 3),
(762, 'Nokia Pro253', NULL, '2024-07-20 03:17:10', 453613, NULL, NULL, 0, 0, 1, NULL, NULL, NULL, NULL, 1),
(763, 'Oppo XA254', NULL, '2024-07-20 03:17:10', 964198, NULL, NULL, 0, 0, 1, NULL, NULL, NULL, NULL, 2),
(764, 'Iphone xs Max254', NULL, '2024-07-20 03:17:10', 686906, NULL, NULL, 0, 0, 1, NULL, NULL, NULL, NULL, 3),
(765, 'Nokia Pro254', NULL, '2024-07-20 03:17:10', 315003, NULL, NULL, 0, 0, 1, NULL, NULL, NULL, NULL, 1),
(766, 'Oppo XA255', NULL, '2024-07-20 03:17:10', 807668, NULL, NULL, 0, 0, 1, NULL, NULL, NULL, NULL, 2),
(767, 'Iphone xs Max255', NULL, '2024-07-20 03:17:10', 743697, NULL, NULL, 0, 0, 1, NULL, NULL, NULL, NULL, 3),
(768, 'Nokia Pro255', NULL, '2024-07-20 03:17:10', 360124, NULL, NULL, 0, 0, 1, NULL, NULL, NULL, NULL, 1),
(769, 'Oppo XA256', NULL, '2024-07-20 03:17:10', 926988, NULL, NULL, 0, 0, 1, NULL, NULL, NULL, NULL, 2),
(770, 'Iphone xs Max256', NULL, '2024-07-20 03:17:10', 778091, NULL, NULL, 0, 0, 1, NULL, NULL, NULL, NULL, 3),
(771, 'Nokia Pro256', NULL, '2024-07-20 03:17:10', 442294, NULL, NULL, 0, 0, 1, NULL, NULL, NULL, NULL, 1),
(772, 'Oppo XA257', NULL, '2024-07-20 03:17:10', 763728, NULL, NULL, 0, 0, 1, NULL, NULL, NULL, NULL, 2),
(773, 'Iphone xs Max257', NULL, '2024-07-20 03:17:10', 796019, NULL, NULL, 0, 0, 1, NULL, NULL, NULL, NULL, 3),
(774, 'Nokia Pro257', NULL, '2024-07-20 03:17:10', 372905, NULL, NULL, 0, 0, 1, NULL, NULL, NULL, NULL, 1),
(775, 'Oppo XA258', NULL, '2024-07-20 03:17:10', 920718, NULL, NULL, 0, 0, 1, NULL, NULL, NULL, NULL, 2),
(776, 'Iphone xs Max258', NULL, '2024-07-20 03:17:10', 725709, NULL, NULL, 0, 0, 1, NULL, NULL, NULL, NULL, 3),
(777, 'Nokia Pro258', NULL, '2024-07-20 03:17:10', 484836, NULL, NULL, 0, 0, 1, NULL, NULL, NULL, NULL, 1),
(778, 'Oppo XA259', NULL, '2024-07-20 03:17:10', 842804, NULL, NULL, 0, 0, 1, NULL, NULL, NULL, NULL, 2),
(779, 'Iphone xs Max259', NULL, '2024-07-20 03:17:10', 703624, NULL, NULL, 0, 0, 1, NULL, NULL, NULL, NULL, 3),
(780, 'Nokia Pro259', NULL, '2024-07-20 03:17:10', 339054, NULL, NULL, 0, 0, 1, NULL, NULL, NULL, NULL, 1),
(781, 'Oppo XA260', NULL, '2024-07-20 03:17:10', 869647, NULL, NULL, 0, 0, 1, NULL, NULL, NULL, NULL, 2),
(782, 'Iphone xs Max260', NULL, '2024-07-20 03:17:10', 615594, NULL, NULL, 0, 0, 1, NULL, NULL, NULL, NULL, 3),
(783, 'Nokia Pro260', NULL, '2024-07-20 03:17:10', 363460, NULL, NULL, 0, 0, 1, NULL, NULL, NULL, NULL, 1),
(784, 'Oppo XA261', NULL, '2024-07-20 03:17:10', 943336, NULL, NULL, 0, 0, 1, NULL, NULL, NULL, NULL, 2),
(785, 'Iphone xs Max261', NULL, '2024-07-20 03:17:10', 554377, NULL, NULL, 0, 0, 1, NULL, NULL, NULL, NULL, 3),
(786, 'Nokia Pro261', NULL, '2024-07-20 03:17:10', 459100, NULL, NULL, 0, 0, 1, NULL, NULL, NULL, NULL, 1),
(787, 'Oppo XA262', NULL, '2024-07-20 03:17:10', 750000, NULL, NULL, 0, 0, 1, NULL, NULL, NULL, NULL, 2),
(788, 'Iphone xs Max262', NULL, '2024-07-20 03:17:10', 797396, NULL, NULL, 0, 0, 1, NULL, NULL, NULL, NULL, 3),
(789, 'Nokia Pro262', NULL, '2024-07-20 03:17:10', 362495, NULL, NULL, 0, 0, 1, NULL, NULL, NULL, NULL, 1),
(790, 'Oppo XA263', NULL, '2024-07-20 03:17:10', 799521, NULL, NULL, 0, 0, 1, NULL, NULL, NULL, NULL, 2),
(791, 'Iphone xs Max263', NULL, '2024-07-20 03:17:10', 524619, NULL, NULL, 0, 0, 1, NULL, NULL, NULL, NULL, 3),
(792, 'Nokia Pro263', NULL, '2024-07-20 03:17:10', 315571, NULL, NULL, 0, 0, 1, NULL, NULL, NULL, NULL, 1),
(793, 'Oppo XA264', NULL, '2024-07-20 03:17:10', 814123, NULL, NULL, 0, 0, 1, NULL, NULL, NULL, NULL, 2),
(794, 'Iphone xs Max264', NULL, '2024-07-20 03:17:10', 675625, NULL, NULL, 0, 0, 1, NULL, NULL, NULL, NULL, 3),
(795, 'Nokia Pro264', NULL, '2024-07-20 03:17:10', 467328, NULL, NULL, 0, 0, 1, NULL, NULL, NULL, NULL, 1),
(796, 'Oppo XA265', NULL, '2024-07-20 03:17:10', 941271, NULL, NULL, 0, 0, 1, NULL, NULL, NULL, NULL, 2),
(797, 'Iphone xs Max265', NULL, '2024-07-20 03:17:10', 559686, NULL, NULL, 0, 0, 1, NULL, NULL, NULL, NULL, 3),
(798, 'Nokia Pro265', NULL, '2024-07-20 03:17:10', 282387, NULL, NULL, 0, 0, 1, NULL, NULL, NULL, NULL, 1),
(799, 'Oppo XA266', NULL, '2024-07-20 03:17:10', 980647, NULL, NULL, 0, 0, 1, NULL, NULL, NULL, NULL, 2),
(800, 'Iphone xs Max266', NULL, '2024-07-20 03:17:10', 712120, NULL, NULL, 0, 0, 1, NULL, NULL, NULL, NULL, 3),
(801, 'Nokia Pro266', NULL, '2024-07-20 03:17:10', 427486, NULL, NULL, 0, 0, 1, NULL, NULL, NULL, NULL, 1),
(802, 'Oppo XA267', NULL, '2024-07-20 03:17:10', 789691, NULL, NULL, 0, 0, 1, NULL, NULL, NULL, NULL, 2),
(803, 'Iphone xs Max267', NULL, '2024-07-20 03:17:10', 578503, NULL, NULL, 0, 0, 1, NULL, NULL, NULL, NULL, 3),
(804, 'Nokia Pro267', NULL, '2024-07-20 03:17:10', 301420, NULL, NULL, 0, 0, 1, NULL, NULL, NULL, NULL, 1),
(805, 'Oppo XA268', NULL, '2024-07-20 03:17:10', 950018, NULL, NULL, 0, 0, 1, NULL, NULL, NULL, NULL, 2),
(806, 'Iphone xs Max268', NULL, '2024-07-20 03:17:10', 698819, NULL, NULL, 0, 0, 1, NULL, NULL, NULL, NULL, 3),
(807, 'Nokia Pro268', NULL, '2024-07-20 03:17:10', 442382, NULL, NULL, 0, 0, 1, NULL, NULL, NULL, NULL, 1),
(808, 'Oppo XA269', NULL, '2024-07-20 03:17:10', 952425, NULL, NULL, 0, 0, 1, NULL, NULL, NULL, NULL, 2),
(809, 'Iphone xs Max269', NULL, '2024-07-20 03:17:10', 729905, NULL, NULL, 0, 0, 1, NULL, NULL, NULL, NULL, 3),
(810, 'Nokia Pro269', NULL, '2024-07-20 03:17:10', 266889, NULL, NULL, 0, 0, 1, NULL, NULL, NULL, NULL, 1),
(811, 'Oppo XA270', NULL, '2024-07-20 03:17:10', 778627, NULL, NULL, 0, 0, 1, NULL, NULL, NULL, NULL, 2),
(812, 'Iphone xs Max270', NULL, '2024-07-20 03:17:10', 667625, NULL, NULL, 0, 0, 1, NULL, NULL, NULL, NULL, 3),
(813, 'Nokia Pro270', NULL, '2024-07-20 03:17:10', 498510, NULL, NULL, 0, 0, 1, NULL, NULL, NULL, NULL, 1),
(814, 'Oppo XA271', NULL, '2024-07-20 03:17:10', 925546, NULL, NULL, 0, 0, 1, NULL, NULL, NULL, NULL, 2),
(815, 'Iphone xs Max271', NULL, '2024-07-20 03:17:10', 787080, NULL, NULL, 0, 0, 1, NULL, NULL, NULL, NULL, 3),
(816, 'Nokia Pro271', NULL, '2024-07-20 03:17:10', 448202, NULL, NULL, 0, 0, 1, NULL, NULL, NULL, NULL, 1),
(817, 'Oppo XA272', NULL, '2024-07-20 03:17:10', 814584, NULL, NULL, 0, 0, 1, NULL, NULL, NULL, NULL, 2),
(818, 'Iphone xs Max272', NULL, '2024-07-20 03:17:10', 571474, NULL, NULL, 0, 0, 1, NULL, NULL, NULL, NULL, 3),
(819, 'Nokia Pro272', NULL, '2024-07-20 03:17:10', 382700, NULL, NULL, 0, 0, 1, NULL, NULL, NULL, NULL, 1),
(820, 'Oppo XA273', NULL, '2024-07-20 03:17:10', 823687, NULL, NULL, 0, 0, 1, NULL, NULL, NULL, NULL, 2),
(821, 'Iphone xs Max273', NULL, '2024-07-20 03:17:10', 679246, NULL, NULL, 0, 0, 1, NULL, NULL, NULL, NULL, 3),
(822, 'Nokia Pro273', NULL, '2024-07-20 03:17:10', 289703, NULL, NULL, 0, 0, 1, NULL, NULL, NULL, NULL, 1),
(823, 'Oppo XA274', NULL, '2024-07-20 03:17:10', 928426, NULL, NULL, 0, 0, 1, NULL, NULL, NULL, NULL, 2),
(824, 'Iphone xs Max274', NULL, '2024-07-20 03:17:10', 780417, NULL, NULL, 0, 0, 1, NULL, NULL, NULL, NULL, 3),
(825, 'Nokia Pro274', NULL, '2024-07-20 03:17:10', 445117, NULL, NULL, 0, 0, 1, NULL, NULL, NULL, NULL, 1),
(826, 'Oppo XA275', NULL, '2024-07-20 03:17:10', 794254, NULL, NULL, 0, 0, 1, NULL, NULL, NULL, NULL, 2),
(827, 'Iphone xs Max275', NULL, '2024-07-20 03:17:10', 528626, NULL, NULL, 0, 0, 1, NULL, NULL, NULL, NULL, 3),
(828, 'Nokia Pro275', NULL, '2024-07-20 03:17:10', 306119, NULL, NULL, 0, 0, 1, NULL, NULL, NULL, NULL, 1),
(829, 'Oppo XA276', NULL, '2024-07-20 03:17:10', 931984, NULL, NULL, 0, 0, 1, NULL, NULL, NULL, NULL, 2),
(830, 'Iphone xs Max276', NULL, '2024-07-20 03:17:10', 737976, NULL, NULL, 0, 0, 1, NULL, NULL, NULL, NULL, 3),
(831, 'Nokia Pro276', NULL, '2024-07-20 03:17:10', 284397, NULL, NULL, 0, 0, 1, NULL, NULL, NULL, NULL, 1),
(832, 'Oppo XA277', NULL, '2024-07-20 03:17:10', 767401, NULL, NULL, 0, 0, 1, NULL, NULL, NULL, NULL, 2),
(833, 'Iphone xs Max277', NULL, '2024-07-20 03:17:10', 607927, NULL, NULL, 0, 0, 1, NULL, NULL, NULL, NULL, 3),
(834, 'Nokia Pro277', NULL, '2024-07-20 03:17:10', 395003, NULL, NULL, 0, 0, 1, NULL, NULL, NULL, NULL, 1),
(835, 'Oppo XA278', NULL, '2024-07-20 03:17:10', 854068, NULL, NULL, 0, 0, 1, NULL, NULL, NULL, NULL, 2),
(836, 'Iphone xs Max278', NULL, '2024-07-20 03:17:10', 797216, NULL, NULL, 0, 0, 1, NULL, NULL, NULL, NULL, 3),
(837, 'Nokia Pro278', NULL, '2024-07-20 03:17:10', 275751, NULL, NULL, 0, 0, 1, NULL, NULL, NULL, NULL, 1),
(838, 'Oppo XA279', NULL, '2024-07-20 03:17:10', 945182, NULL, NULL, 0, 0, 1, NULL, NULL, NULL, NULL, 2),
(839, 'Iphone xs Max279', NULL, '2024-07-20 03:17:10', 634543, NULL, NULL, 0, 0, 1, NULL, NULL, NULL, NULL, 3),
(840, 'Nokia Pro279', NULL, '2024-07-20 03:17:10', 361980, NULL, NULL, 0, 0, 1, NULL, NULL, NULL, NULL, 1),
(841, 'Oppo XA280', NULL, '2024-07-20 03:17:10', 919617, NULL, NULL, 0, 0, 1, NULL, NULL, NULL, NULL, 2),
(842, 'Iphone xs Max280', NULL, '2024-07-20 03:17:10', 567308, NULL, NULL, 0, 0, 1, NULL, NULL, NULL, NULL, 3),
(843, 'Nokia Pro280', NULL, '2024-07-20 03:17:10', 327486, NULL, NULL, 0, 0, 1, NULL, NULL, NULL, NULL, 1),
(844, 'Oppo XA281', NULL, '2024-07-20 03:17:10', 987835, NULL, NULL, 0, 0, 1, NULL, NULL, NULL, NULL, 2),
(845, 'Iphone xs Max281', NULL, '2024-07-20 03:17:10', 562287, NULL, NULL, 0, 0, 1, NULL, NULL, NULL, NULL, 3),
(846, 'Nokia Pro281', NULL, '2024-07-20 03:17:10', 294803, NULL, NULL, 0, 0, 1, NULL, NULL, NULL, NULL, 1),
(847, 'Oppo XA282', NULL, '2024-07-20 03:17:10', 837858, NULL, NULL, 0, 0, 1, NULL, NULL, NULL, NULL, 2),
(848, 'Iphone xs Max282', NULL, '2024-07-20 03:17:10', 682579, NULL, NULL, 0, 0, 1, NULL, NULL, NULL, NULL, 3),
(849, 'Nokia Pro282', NULL, '2024-07-20 03:17:10', 284782, NULL, NULL, 0, 0, 1, NULL, NULL, NULL, NULL, 1),
(850, 'Oppo XA283', NULL, '2024-07-20 03:17:10', 976999, NULL, NULL, 0, 0, 1, NULL, NULL, NULL, NULL, 2),
(851, 'Iphone xs Max283', NULL, '2024-07-20 03:17:10', 508073, NULL, NULL, 0, 0, 1, NULL, NULL, NULL, NULL, 3),
(852, 'Nokia Pro283', NULL, '2024-07-20 03:17:10', 403956, NULL, NULL, 0, 0, 1, NULL, NULL, NULL, NULL, 1),
(853, 'Oppo XA284', NULL, '2024-07-20 03:17:10', 988563, NULL, NULL, 0, 0, 1, NULL, NULL, NULL, NULL, 2),
(854, 'Iphone xs Max284', NULL, '2024-07-20 03:17:10', 606120, NULL, NULL, 0, 0, 1, NULL, NULL, NULL, NULL, 3),
(855, 'Nokia Pro284', NULL, '2024-07-20 03:17:10', 348228, NULL, NULL, 0, 0, 1, NULL, NULL, NULL, NULL, 1),
(856, 'Oppo XA285', NULL, '2024-07-20 03:17:10', 848184, NULL, NULL, 0, 0, 1, NULL, NULL, NULL, NULL, 2),
(857, 'Iphone xs Max285', NULL, '2024-07-20 03:17:10', 631071, NULL, NULL, 0, 0, 1, NULL, NULL, NULL, NULL, 3),
(858, 'Nokia Pro285', NULL, '2024-07-20 03:17:10', 464650, NULL, NULL, 0, 0, 1, NULL, NULL, NULL, NULL, 1),
(859, 'Oppo XA286', NULL, '2024-07-20 03:17:10', 858022, NULL, NULL, 0, 0, 1, NULL, NULL, NULL, NULL, 2),
(860, 'Iphone xs Max286', NULL, '2024-07-20 03:17:10', 766978, NULL, NULL, 0, 0, 1, NULL, NULL, NULL, NULL, 3),
(861, 'Nokia Pro286', NULL, '2024-07-20 03:17:10', 334699, NULL, NULL, 0, 0, 1, NULL, NULL, NULL, NULL, 1),
(862, 'Oppo XA287', NULL, '2024-07-20 03:17:10', 725632, NULL, NULL, 0, 0, 1, NULL, NULL, NULL, NULL, 2),
(863, 'Iphone xs Max287', NULL, '2024-07-20 03:17:10', 580427, NULL, NULL, 0, 0, 1, NULL, NULL, NULL, NULL, 3),
(864, 'Nokia Pro287', NULL, '2024-07-20 03:17:10', 331431, NULL, NULL, 0, 0, 1, NULL, NULL, NULL, NULL, 1),
(865, 'Oppo XA288', NULL, '2024-07-20 03:17:10', 852581, NULL, NULL, 0, 0, 1, NULL, NULL, NULL, NULL, 2),
(866, 'Iphone xs Max288', NULL, '2024-07-20 03:17:10', 566282, NULL, NULL, 0, 0, 1, NULL, NULL, NULL, NULL, 3),
(867, 'Nokia Pro288', NULL, '2024-07-20 03:17:10', 437883, NULL, NULL, 0, 0, 1, NULL, NULL, NULL, NULL, 1),
(868, 'Oppo XA289', NULL, '2024-07-20 03:17:10', 713221, NULL, NULL, 0, 0, 1, NULL, NULL, NULL, NULL, 2),
(869, 'Iphone xs Max289', NULL, '2024-07-20 03:17:10', 653349, NULL, NULL, 0, 0, 1, NULL, NULL, NULL, NULL, 3),
(870, 'Nokia Pro289', NULL, '2024-07-20 03:17:10', 370688, NULL, NULL, 0, 0, 1, NULL, NULL, NULL, NULL, 1),
(871, 'Oppo XA290', NULL, '2024-07-20 03:17:10', 901193, NULL, NULL, 0, 0, 1, NULL, NULL, NULL, NULL, 2),
(872, 'Iphone xs Max290', NULL, '2024-07-20 03:17:10', 527809, NULL, NULL, 0, 0, 1, NULL, NULL, NULL, NULL, 3),
(873, 'Nokia Pro290', NULL, '2024-07-20 03:17:10', 452042, NULL, NULL, 0, 0, 1, NULL, NULL, NULL, NULL, 1),
(874, 'Oppo XA291', NULL, '2024-07-20 03:17:10', 724027, NULL, NULL, 0, 0, 1, NULL, NULL, NULL, NULL, 2),
(875, 'Iphone xs Max291', NULL, '2024-07-20 03:17:10', 528984, NULL, NULL, 0, 0, 1, NULL, NULL, NULL, NULL, 3),
(876, 'Nokia Pro291', NULL, '2024-07-20 03:17:10', 404151, NULL, NULL, 0, 0, 1, NULL, NULL, NULL, NULL, 1),
(877, 'Oppo XA292', NULL, '2024-07-20 03:17:10', 991867, NULL, NULL, 0, 0, 1, NULL, NULL, NULL, NULL, 2),
(878, 'Iphone xs Max292', NULL, '2024-07-20 03:17:10', 642055, NULL, NULL, 0, 0, 1, NULL, NULL, NULL, NULL, 3),
(879, 'Nokia Pro292', NULL, '2024-07-20 03:17:10', 474489, NULL, NULL, 0, 0, 1, NULL, NULL, NULL, NULL, 1),
(880, 'Oppo XA293', NULL, '2024-07-20 03:17:10', 834037, NULL, NULL, 0, 0, 1, NULL, NULL, NULL, NULL, 2),
(881, 'Iphone xs Max293', NULL, '2024-07-20 03:17:10', 758517, NULL, NULL, 0, 0, 1, NULL, NULL, NULL, NULL, 3),
(882, 'Nokia Pro293', NULL, '2024-07-20 03:17:10', 463986, NULL, NULL, 0, 0, 1, NULL, NULL, NULL, NULL, 1),
(883, 'Oppo XA294', NULL, '2024-07-20 03:17:10', 875908, NULL, NULL, 0, 0, 1, NULL, NULL, NULL, NULL, 2),
(884, 'Iphone xs Max294', NULL, '2024-07-20 03:17:10', 682592, NULL, NULL, 0, 0, 1, NULL, NULL, NULL, NULL, 3),
(885, 'Nokia Pro294', NULL, '2024-07-20 03:17:10', 339403, NULL, NULL, 0, 0, 1, NULL, NULL, NULL, NULL, 1),
(886, 'Oppo XA295', NULL, '2024-07-20 03:17:10', 881330, NULL, NULL, 0, 0, 1, NULL, NULL, NULL, NULL, 2),
(887, 'Iphone xs Max295', NULL, '2024-07-20 03:17:10', 572761, NULL, NULL, 0, 0, 1, NULL, NULL, NULL, NULL, 3),
(888, 'Nokia Pro295', NULL, '2024-07-20 03:17:10', 278726, NULL, NULL, 0, 0, 1, NULL, NULL, NULL, NULL, 1),
(889, 'Oppo XA296', NULL, '2024-07-20 03:17:10', 754232, NULL, NULL, 0, 0, 1, NULL, NULL, NULL, NULL, 2),
(890, 'Iphone xs Max296', NULL, '2024-07-20 03:17:10', 579460, NULL, NULL, 0, 0, 1, NULL, NULL, NULL, NULL, 3),
(891, 'Nokia Pro296', NULL, '2024-07-20 03:17:10', 266602, NULL, NULL, 0, 0, 1, NULL, NULL, NULL, NULL, 1),
(892, 'Oppo XA297', NULL, '2024-07-20 03:17:10', 920865, NULL, NULL, 0, 0, 1, NULL, NULL, NULL, NULL, 2),
(893, 'Iphone xs Max297', NULL, '2024-07-20 03:17:10', 662733, NULL, NULL, 0, 0, 1, NULL, NULL, NULL, NULL, 3),
(894, 'Nokia Pro297', NULL, '2024-07-20 03:17:10', 374495, NULL, NULL, 0, 0, 1, NULL, NULL, NULL, NULL, 1),
(895, 'Oppo XA298', NULL, '2024-07-20 03:17:10', 915785, NULL, NULL, 0, 0, 1, NULL, NULL, NULL, NULL, 2),
(896, 'Iphone xs Max298', NULL, '2024-07-20 03:17:10', 745420, NULL, NULL, 0, 0, 1, NULL, NULL, NULL, NULL, 3),
(897, 'Nokia Pro298', NULL, '2024-07-20 03:17:10', 480714, NULL, NULL, 0, 0, 1, NULL, NULL, NULL, NULL, 1),
(898, 'Oppo XA299', NULL, '2024-07-20 03:17:10', 835482, NULL, NULL, 0, 0, 1, NULL, NULL, NULL, NULL, 2),
(899, 'Iphone xs Max299', NULL, '2024-07-20 03:17:10', 633067, NULL, NULL, 0, 0, 1, NULL, NULL, NULL, NULL, 3),
(900, 'Nokia Pro299', NULL, '2024-07-20 03:17:10', 402389, NULL, NULL, 0, 0, 1, NULL, NULL, NULL, NULL, 1);

-- --------------------------------------------------------

--
-- Cấu trúc bảng cho bảng `failed_jobs`
--

CREATE TABLE `failed_jobs` (
  `id` bigint(20) UNSIGNED NOT NULL,
  `uuid` varchar(255) NOT NULL,
  `connection` text NOT NULL,
  `queue` text NOT NULL,
  `payload` longtext NOT NULL,
  `exception` longtext NOT NULL,
  `failed_at` timestamp NOT NULL DEFAULT current_timestamp()
) ENGINE=InnoDB DEFAULT CHARSET=utf8mb4 COLLATE=utf8mb4_unicode_ci;

-- --------------------------------------------------------

--
-- Cấu trúc bảng cho bảng `jobs`
--

CREATE TABLE `jobs` (
  `id` bigint(20) UNSIGNED NOT NULL,
  `queue` varchar(255) NOT NULL,
  `payload` longtext NOT NULL,
  `attempts` tinyint(3) UNSIGNED NOT NULL,
  `reserved_at` int(10) UNSIGNED DEFAULT NULL,
  `available_at` int(10) UNSIGNED NOT NULL,
  `created_at` int(10) UNSIGNED NOT NULL
) ENGINE=InnoDB DEFAULT CHARSET=utf8mb4 COLLATE=utf8mb4_unicode_ci;

-- --------------------------------------------------------

--
-- Cấu trúc bảng cho bảng `job_batches`
--

CREATE TABLE `job_batches` (
  `id` varchar(255) NOT NULL,
  `name` varchar(255) NOT NULL,
  `total_jobs` int(11) NOT NULL,
  `pending_jobs` int(11) NOT NULL,
  `failed_jobs` int(11) NOT NULL,
  `failed_job_ids` longtext NOT NULL,
  `options` mediumtext DEFAULT NULL,
  `cancelled_at` int(11) DEFAULT NULL,
  `created_at` int(11) NOT NULL,
  `finished_at` int(11) DEFAULT NULL
) ENGINE=InnoDB DEFAULT CHARSET=utf8mb4 COLLATE=utf8mb4_unicode_ci;

-- --------------------------------------------------------

--
-- Cấu trúc bảng cho bảng `loaisp`
--

CREATE TABLE `loaisp` (
  `id` bigint(20) UNSIGNED NOT NULL,
  `tenLoai` varchar(30) NOT NULL,
  `thuTu` int(11) NOT NULL DEFAULT 0,
  `anHien` tinyint(1) NOT NULL DEFAULT 1,
  `urlHinh` varchar(200) DEFAULT NULL,
  `created_at` timestamp NULL DEFAULT NULL,
  `updated_at` timestamp NULL DEFAULT NULL
) ENGINE=InnoDB DEFAULT CHARSET=utf8mb4 COLLATE=utf8mb4_unicode_ci;

--
-- Đang đổ dữ liệu cho bảng `loaisp`
--

INSERT INTO `loaisp` (`id`, `tenLoai`, `thuTu`, `anHien`, `urlHinh`, `created_at`, `updated_at`) VALUES
(1, 'Sam sung', 1, 1, NULL, NULL, NULL),
(2, 'HTC', 2, 1, NULL, NULL, NULL),
(3, 'Apple', 3, 1, NULL, NULL, NULL),
(4, 'LG', 4, 1, NULL, NULL, NULL),
(5, 'Motorola', 5, 1, NULL, NULL, NULL),
(6, 'Mobel', 6, 0, NULL, NULL, NULL);

-- --------------------------------------------------------

--
-- Cấu trúc bảng cho bảng `migrations`
--

CREATE TABLE `migrations` (
  `id` int(10) UNSIGNED NOT NULL,
  `migration` varchar(255) NOT NULL,
  `batch` int(11) NOT NULL
) ENGINE=InnoDB DEFAULT CHARSET=utf8mb4 COLLATE=utf8mb4_unicode_ci;

--
-- Đang đổ dữ liệu cho bảng `migrations`
--

INSERT INTO `migrations` (`id`, `migration`, `batch`) VALUES
(9, '0001_01_01_000000_create_users_table', 1),
(10, '0001_01_01_000001_create_cache_table', 1),
(11, '0001_01_01_000002_create_jobs_table', 1),
(12, '2024_07_12_133803_create_tin', 1),
(13, '2024_07_20_023841_tao_table_dien_thoai', 2),
(14, '2024_07_20_030526_create_thanhvien_table', 3),
(15, '2024_07_20_030729_taotableloaisp', 4),
(16, '2024_07_20_030840_sua_table_dien_thoai', 5),
(17, '2024_07_31_142204_sua_user', 6),
(18, '2024_08_08_022725_create_products_table', 7);

-- --------------------------------------------------------

--
-- Cấu trúc bảng cho bảng `password_reset_tokens`
--

CREATE TABLE `password_reset_tokens` (
  `email` varchar(255) NOT NULL,
  `token` varchar(255) NOT NULL,
  `created_at` timestamp NULL DEFAULT NULL
) ENGINE=InnoDB DEFAULT CHARSET=utf8mb4 COLLATE=utf8mb4_unicode_ci;

--
-- Đang đổ dữ liệu cho bảng `password_reset_tokens`
--

INSERT INTO `password_reset_tokens` (`email`, `token`, `created_at`) VALUES
('huuchien@gmail.com', '$2y$12$9eICM7oFC/N0EQRmpPHuae57b8PpZU0X0i6iUYzsvP7fYWApXjLbm', '2024-07-31 08:48:47'),
('phanhuuchien23062004@gmail.co', '$2y$12$1/2BkHNzLTp9gFiAq6aM0.9bcu1tjoVjzDPB5kPi90IkCkb6GQ8uO', '2024-07-31 09:01:34');

-- --------------------------------------------------------

--
-- Cấu trúc bảng cho bảng `products`
--

CREATE TABLE `products` (
  `id` bigint(20) UNSIGNED NOT NULL,
  `tenSP` varchar(255) NOT NULL,
  `gia` int(11) NOT NULL,
  `anHien` int(11) NOT NULL DEFAULT 1,
  `created_at` timestamp NULL DEFAULT NULL,
  `updated_at` timestamp NULL DEFAULT NULL
) ENGINE=InnoDB DEFAULT CHARSET=utf8mb4 COLLATE=utf8mb4_unicode_ci;

-- --------------------------------------------------------

--
-- Cấu trúc bảng cho bảng `sessions`
--

CREATE TABLE `sessions` (
  `id` varchar(255) NOT NULL,
  `user_id` bigint(20) UNSIGNED DEFAULT NULL,
  `ip_address` varchar(45) DEFAULT NULL,
  `user_agent` text DEFAULT NULL,
  `payload` longtext NOT NULL,
  `last_activity` int(11) NOT NULL
) ENGINE=InnoDB DEFAULT CHARSET=utf8mb4 COLLATE=utf8mb4_unicode_ci;

--
-- Đang đổ dữ liệu cho bảng `sessions`
--

INSERT INTO `sessions` (`id`, `user_id`, `ip_address`, `user_agent`, `payload`, `last_activity`) VALUES
('EqoXb4CHhvVZn0NA0Vydl3qRatADjffMUpLyOu18', NULL, '127.0.0.1', 'Mozilla/5.0 (Windows NT 10.0; Win64; x64) AppleWebKit/537.36 (KHTML, like Gecko) Chrome/127.0.0.0 Safari/537.36', 'YTozOntzOjY6Il90b2tlbiI7czo0MDoiNmhBVkZHb21MSkxGbmhFVkRTN2xsREloZXZuUFZSVDhIS0hqSnZvaSI7czo5OiJfcHJldmlvdXMiO2E6MTp7czozOiJ1cmwiO3M6MzA6Imh0dHA6Ly8xMjcuMC4wLjE6ODAwMC9wcm9kdWN0cyI7fXM6NjoiX2ZsYXNoIjthOjI6e3M6Mzoib2xkIjthOjA6e31zOjM6Im5ldyI7YTowOnt9fX0=', 1723113137),
('HkGzfydZrzEgWg6dGF63fQm0OXCK47Ww6BnvWxaf', NULL, '127.0.0.1', 'PostmanRuntime/7.40.0', 'YToyOntzOjY6Il90b2tlbiI7czo0MDoiUVJsVzIxelViMXVWazJXd29rMjd3bUtNaHRpSzgxcFpHU3ZiVTdEVCI7czo2OiJfZmxhc2giO2E6Mjp7czozOiJvbGQiO2E6MDp7fXM6MzoibmV3IjthOjA6e319fQ==', 1723113310),
('LG5QJIBDlIPDqFKWmhCIhejnNX5Vu8hoWpwncVbk', NULL, '127.0.0.1', 'Mozilla/5.0 (Windows NT 10.0; Win64; x64) AppleWebKit/537.36 (KHTML, like Gecko) Chrome/126.0.0.0 Safari/537.36', 'YTozOntzOjY6Il90b2tlbiI7czo0MDoiN1pRWFRoa0k2NmIwUlhFSUowREpqaUNncXBmNkc2NWx3QUxwd2hDUyI7czo5OiJfcHJldmlvdXMiO2E6MTp7czozOiJ1cmwiO3M6Mjc6Imh0dHA6Ly8xMjcuMC4wLjE6ODAwMC9sb2dpbiI7fXM6NjoiX2ZsYXNoIjthOjI6e3M6Mzoib2xkIjthOjA6e31zOjM6Im5ldyI7YTowOnt9fX0=', 1722916510),
('mC3SVjRC1KscU2KFWQN23BLzHEysRjJbNd3X07TD', NULL, '127.0.0.1', 'Mozilla/5.0 (Windows NT 10.0; Win64; x64) AppleWebKit/537.36 (KHTML, like Gecko) Chrome/127.0.0.0 Safari/537.36', 'YTozOntzOjY6Il90b2tlbiI7czo0MDoiN0t0SGdTS3E0U0VmUHhNVDNNQVNHZ1k2NmVoVmlBZnFVRGhHMVA1NiI7czo5OiJfcHJldmlvdXMiO2E6MTp7czozOiJ1cmwiO3M6MjQ6Imh0dHA6Ly8xMjcuMC4wLjE6ODAwMC9zdiI7fXM6NjoiX2ZsYXNoIjthOjI6e3M6Mzoib2xkIjthOjA6e31zOjM6Im5ldyI7YTowOnt9fX0=', 1722911814),
('OftyW0gQ8gY37g1kcpNKyicxRvpUlVdp9KX92dYv', 23, '127.0.0.1', 'Mozilla/5.0 (Windows NT 10.0; Win64; x64) AppleWebKit/537.36 (KHTML, like Gecko) Chrome/127.0.0.0 Safari/537.36', 'YTo0OntzOjY6Il90b2tlbiI7czo0MDoicktLSmJoRXppMjI3VENrMzMyMDZDdkFySnI4UERZeU5teldPbG1TQyI7czo2OiJfZmxhc2giO2E6Mjp7czozOiJvbGQiO2E6MDp7fXM6MzoibmV3IjthOjA6e319czo5OiJfcHJldmlvdXMiO2E6MTp7czozOiJ1cmwiO3M6MzE6Imh0dHA6Ly8xMjcuMC4wLjE6ODAwMC9kYXNoYm9hcmQiO31zOjUwOiJsb2dpbl93ZWJfNTliYTM2YWRkYzJiMmY5NDAxNTgwZjAxNGM3ZjU4ZWE0ZTMwOTg5ZCI7aToyMzt9', 1722916599);

-- --------------------------------------------------------

--
-- Cấu trúc bảng cho bảng `thanhvien`
--

CREATE TABLE `thanhvien` (
  `id` int(10) UNSIGNED NOT NULL,
  `hoTen` varchar(100) NOT NULL,
  `password` varchar(100) NOT NULL,
  `email` varchar(200) NOT NULL,
  `randomkey` varchar(100) DEFAULT NULL,
  `active` tinyint(1) NOT NULL DEFAULT 0,
  `idGroup` tinyint(1) NOT NULL DEFAULT 0,
  `created_at` timestamp NULL DEFAULT NULL,
  `updated_at` timestamp NULL DEFAULT NULL
) ENGINE=InnoDB DEFAULT CHARSET=utf8mb4 COLLATE=utf8mb4_unicode_ci;

--
-- Đang đổ dữ liệu cho bảng `thanhvien`
--

INSERT INTO `thanhvien` (`id`, `hoTen`, `password`, `email`, `randomkey`, `active`, `idGroup`, `created_at`, `updated_at`) VALUES
(1, 'VõHoàng Thảo', '$2y$12$AdXS7RaX/D6qEMjO6Xi8IO/ufaPg.vsiUApHQ.Hp7gB8kFexLSSpS', 'ZWGoq@gmail.com', NULL, 0, 0, NULL, NULL),
(2, 'ĐỗMinh Hòa', '$2y$12$firGiwkVfqgZm6sqoEAyB.wl0kWkdT76UCoG3L9.PqFi9A/jGwdmW', 'Ge6Q9@gmail.com', NULL, 0, 0, NULL, NULL),
(3, 'HồNgọc Hòa', '$2y$12$4RG7wxoI0aFejBnXToZO6.ODlxHa/CrX2W.MMCW94DgeOF.zVwLaS', 'JlVew@gmail.com', NULL, 0, 0, NULL, NULL),
(4, 'LêHoàng Tú', '$2y$12$M5/yXLgG5HL/BI.tOIjWye8FGZ89pLfn5SWKkhzOFHh1dCGY.AptC', 'qQExv@gmail.com', NULL, 0, 0, NULL, NULL),
(5, 'HồHoàng Tú', '$2y$12$K3XRc5XVHSLKnDZcQbRIruzPB2g0bkhHA4n0WoBMirGPBC39bfEOm', 'cR2RG@gmail.com', NULL, 0, 0, NULL, NULL),
(6, 'HồHoàng Hảo', '$2y$12$3fWn8.abABVfqind7.v/WetOsC6We58689vCoxCpi3XSuR3YFKLNa', 'fEY2o@gmail.com', NULL, 0, 0, NULL, NULL),
(7, 'ĐỗNgọc Hậu', '$2y$12$llZPEVjuJLSmXCo259Ojg.grVLXrltjq1u49mT5fq28UF3SAh4QHq', 'AnBk4@gmail.com', NULL, 0, 0, NULL, NULL),
(8, 'PhanĐức Hòa', '$2y$12$.rGg6YTFPhcvzJTrMcSEXuGCIlF1GoKUQ4lWj.WoJHsIQZZL0Xr/q', 'bxcXV@gmail.com', NULL, 0, 0, NULL, NULL),
(9, 'BùiThị Phương', '$2y$12$Xl1GB9ZTEK.mKVVOM85egOhXG61760pF252clQW8.ZF98/9X9EQHm', '8X3RT@gmail.com', NULL, 0, 0, NULL, NULL),
(10, 'ĐỗHoàng Hải', '$2y$12$ryQbWyoblTkvtMOkjFxHHOiTENSvRQcoMH0VdPhruUJcbi0o6kTCm', 'BlMi7@gmail.com', NULL, 0, 0, NULL, NULL),
(11, 'LêVăn Hải', '$2y$12$93lVwgmtjujBqSeWUS7QjOh6awYM20RhkRV2yI44SYoD533WHyK1a', 'u10De@gmail.com', NULL, 0, 0, NULL, NULL),
(12, 'BùiNgọc Thảo', '$2y$12$7B5RhFJ5Oqml/88IAPKzmODXqArm6dCbN6sGeIijB.uJoLXdA9tOC', 'ANx1H@gmail.com', NULL, 0, 0, NULL, NULL),
(13, 'LêHoàng Thanh', '$2y$12$4uJBjuW3WbnvUPleiEXjC.I8lN.vVi7zcb2rPsuxZdO3ebdFHbRaC', 'arlTX@gmail.com', NULL, 0, 0, NULL, NULL),
(14, 'PhanĐức Hải', '$2y$12$SoXXT5LCnfpFwPFyTzWLl..M8ZcgdjLwZwHaGnpJXFys5VJXbf652', 'vdzUq@gmail.com', NULL, 0, 0, NULL, NULL),
(15, 'PhanNgọc Hòa', '$2y$12$zKj96qc12Zdm0eBbWpznkuh2Vkfxt2unYtylzOa2WaPaTwHfpB70m', 'YmpwB@gmail.com', NULL, 0, 0, NULL, NULL),
(16, 'LêNgọc Hòa', '$2y$12$zCkGjUVBjIunqEgoNTDfJ.QDXneCOyWqyh3utBvH0/HcRw8VnUlyu', 'F9oi8@gmail.com', NULL, 0, 0, NULL, NULL),
(17, 'ĐỗVăn Hậu', '$2y$12$VqFCX5ey5nqxMTOHmi6VFez4DjbUVVWknOavx88tk6C0EnZAZ2S56', '5YPN1@gmail.com', NULL, 0, 0, NULL, NULL),
(18, 'VõMinh Phương', '$2y$12$C/4PHaYkduMx5cZ/45E16.Zy2/E/Svmtw3T728k3fltP.dAekpIr6', 'V2ecu@gmail.com', NULL, 0, 0, NULL, NULL),
(19, 'ĐỗĐức Tâm', '$2y$12$Jjv0pqdmv/Hzk7X2K9R1lOP14hQEU6EW4DY1Xj3.AKi11ZDnq4FEy', 'rT019@gmail.com', NULL, 0, 0, NULL, NULL),
(20, 'LêVăn Tú', '$2y$12$EWmxCpiwtFL7Tz2ekbq.3.f3yXIGWoOXIyZGXZv4RVfSCI.wJtQ.q', 'dDA5f@gmail.com', NULL, 0, 0, NULL, NULL),
(21, 'NguyễnKim Phương', '$2y$12$8g/BcYIF7DR3DsRHp8IUMO9rGaA6Cj7kgXTdZRURS1VJWE2KJKxYm', '9Wy4P@gmail.com', NULL, 0, 0, NULL, NULL),
(22, 'BùiHoàng Thanh', '$2y$12$kQBTcJM4P1WpXOPvxF/Km.CHblM5DlUPSUWmCZ4CmBDMqIhGNtIfy', 'V0Oj1@gmail.com', NULL, 0, 0, NULL, NULL),
(23, 'VõNgọc Hậu', '$2y$12$Z3tnV9FW62SXVNA00y6nrunn8QcIZWkwQ2N4CAL7.rWEMnakhihtW', 'sHyBD@gmail.com', NULL, 0, 0, NULL, NULL),
(24, 'BùiMinh Hảo', '$2y$12$l5hmTJXrokQc/XqpFGTOgOBRpPxSbbG42XsDgZROlE1I4R7e1Xsqe', 'xHtF6@gmail.com', NULL, 0, 0, NULL, NULL),
(25, 'PhanNgọc Thanh', '$2y$12$WwTDDTj7DX.i1WeDg0cwpOyFO/yRXXB0TeyRbcwYOKID/gGFDjsGO', 'le0Ce@gmail.com', NULL, 0, 0, NULL, NULL),
(26, 'BùiKim Hải', '$2y$12$z9HIx6.vA.Z1yiLARDvYZOxymtcDRZrU7NrosvUEbXLmfmV4p.hOm', 'kqTRL@gmail.com', NULL, 0, 0, NULL, NULL),
(27, 'VõMinh Tâm', '$2y$12$AWt9DS3j.7d8siRU/lSPhOCd73XIpUl9wNTIHfUGsuxVEvHDGBL2S', 'MJLH5@gmail.com', NULL, 0, 0, NULL, NULL),
(28, 'HồThị Thảo', '$2y$12$78QnLeONAzwljE9fi5TCWOU/TstXGDQrdoFenYBfmO5Mv4fdl3wOG', 'nGWao@gmail.com', NULL, 0, 0, NULL, NULL),
(29, 'ĐỗMinh Hậu', '$2y$12$ckDtWtkB/CoLqA/T5lIUWerYjiF9fhtKm5QztIS3yxi5J3N/tT3Ru', 'LWvcO@gmail.com', NULL, 0, 0, NULL, NULL),
(30, 'HồVăn Hảo', '$2y$12$cQs2i9kSMIW015X.wV8iju6NhEiblyLDK6OYQqHomGEKToPdvYYMe', 'vI5Hb@gmail.com', NULL, 0, 0, NULL, NULL),
(31, 'ĐỗĐức Hậu', '$2y$12$2FujG4JWnFbU7NHpbJ6uA.xW8fzQDZvE8ybsAtfVdFNtdoSiZAZya', 'MklJt@gmail.com', NULL, 0, 0, NULL, NULL),
(32, 'HồNgọc Hậu', '$2y$12$3mvMZNIjv3elKnBJXQa3c.cQj0S/XUnVwPGt2ZWAVkuNjmA7Eqj12', 'EvyIR@gmail.com', NULL, 0, 0, NULL, NULL),
(33, 'BùiHoàng Thanh', '$2y$12$qlKYdnk7gZK3ErJVfeEOW.S9svHQ65BuzWIuS8YLe0Ai3yTZJKbp.', 'yJbOM@gmail.com', NULL, 0, 0, NULL, NULL),
(34, 'VõThị Hậu', '$2y$12$xadxgAkR6WmxSVHEUv4Ip.KAfrPWPwvRhzT.9XMSkQzpeS75ctbNa', 'DNVer@gmail.com', NULL, 0, 0, NULL, NULL),
(35, 'LêThị Thanh', '$2y$12$1Wiq8liHNvRygptChm6g3OE3dsL75X701zcB.1oQ7meIPiAjtbBaW', 'bjXKT@gmail.com', NULL, 0, 0, NULL, NULL),
(36, 'PhanĐức Hậu', '$2y$12$cYUYa/rlK1mcgKDwRkzQjOgQ1OylbSKVEPfWr2I6YxWJo.zKoTOoS', '03yKI@gmail.com', NULL, 0, 0, NULL, NULL),
(37, 'Võ Hải', '$2y$12$Un1uiI0S04QMdrbcQEDJ..8OQyTH63j7/XzNZ.N4Hs8NTt0gZk4Ky', 'WUoul@gmail.com', NULL, 0, 0, NULL, NULL),
(38, 'HồNgọc Hải', '$2y$12$et953JM0qLVxys98ELgNqOXrufXoPziuZfRT6x3fC6FNmrTBTVWL6', 'VreE5@gmail.com', NULL, 0, 0, NULL, NULL),
(39, 'BùiNgọc Hải', '$2y$12$ydAtpQbsjrLbinLxIug8nuSvyvYLLM.xE64UsuhKb90Evn9IavFiW', 'bCQhm@gmail.com', NULL, 0, 0, NULL, NULL),
(40, 'HồThị Hậu', '$2y$12$bDhLISg5G1p.481Y1TiyNuiqB0dWhBHqHTM1/E337glCPB1rPk4Aq', 'wwlHs@gmail.com', NULL, 0, 0, NULL, NULL),
(41, 'NguyễnĐức Tâm', '$2y$12$YWNbZemAbXGnLMFx8HMB2.HypQlNouxMI/ovs.IEtDbcdICdS3fy.', 'qQTBx@gmail.com', NULL, 0, 0, NULL, NULL),
(42, 'ĐỗThị Hải', '$2y$12$NHrtyshtf6d16D75C9IFs.eelOOndO3vGLxbtMrNTGVCTw4nl7ZQS', 'UaAIq@gmail.com', NULL, 0, 0, NULL, NULL),
(43, 'LêHoàng Hảo', '$2y$12$e3FAQniVYndNqvg1sxV0xeDAZjZribTIBUpagSOn/110r0zdl.gRi', 'sD7Dy@gmail.com', NULL, 0, 0, NULL, NULL),
(44, 'PhanĐức Hải', '$2y$12$IsrgWvsa8YjMLi/y3mXFgO2QsMhvdCUa7KnICcwu0SIMppB/xr0pO', 'E2AQq@gmail.com', NULL, 0, 0, NULL, NULL),
(45, 'VõMinh Tâm', '$2y$12$9f.xmPgExCOJ8sKvJI7OSepLe34dbfShD7EZUIi7DwIhR9HKwyume', 'EJQnJ@gmail.com', NULL, 0, 0, NULL, NULL),
(46, 'LêHoàng Thảo', '$2y$12$YeiV6oAQYBOkdH2mjC3DaebExiWP.qiuJGvAHeBl8capOxvWpMzD2', 'cYdwb@gmail.com', NULL, 0, 0, NULL, NULL),
(47, 'VõThị Hảo', '$2y$12$1XpT0HoW/I.VHCrs5nnHne4oN65sUqkrzIf09MalopKzklgG1sEDO', 'fRbQE@gmail.com', NULL, 0, 0, NULL, NULL),
(48, 'Nguyễn Hậu', '$2y$12$xHHnHovTX3pkcObxUllgyew1nB.cbWaOvNBxxkhBQRhdbK57EDA/G', 'duDtJ@gmail.com', NULL, 0, 0, NULL, NULL),
(49, 'HồHoàng Tú', '$2y$12$55fVkC6LVZ8xfj.1pdvSUucb3suQ595uskxKI4NZcpTUQGY.xSb0a', '8k8k0@gmail.com', NULL, 0, 0, NULL, NULL),
(50, 'PhanHoàng Hậu', '$2y$12$bWW8Ij2eMtx522Y6NkZmK.U8fdsN1hDkv6dCpPwYNUJ0MTHcTb0yG', '15T3V@gmail.com', NULL, 0, 0, NULL, NULL),
(51, 'LêVăn Thanh', '$2y$12$8SQTiydqLEXTuMbyLw9LkOs/0YPs.R0ThTtxyg0zqoRWYVoVFiFwe', 'cYnrd@gmail.com', NULL, 0, 0, NULL, NULL),
(52, 'ĐỗThị Tú', '$2y$12$Y/MwfbSq0/bMcS2NcpaycuGJy0EsIS.DDrIeWZD9zo.G4mKvkbA7W', 'b1y6w@gmail.com', NULL, 0, 0, NULL, NULL),
(53, 'BùiMinh Hải', '$2y$12$jplOq3jHVPCholhV6PlTwOulvwRW3rolJOM0rz4WDNbkQJA6GsHJ.', 's7Ld8@gmail.com', NULL, 0, 0, NULL, NULL),
(54, 'VõNgọc Thảo', '$2y$12$5H/e2JITS3V/BCVmqCOuM.k2wVWrt0zhAvmVaMgVtt6WmD5Y2wRvi', '5LCa0@gmail.com', NULL, 0, 0, NULL, NULL),
(55, 'NguyễnNgọc Tú', '$2y$12$i2VfdWKo1BLKcu/5nXjUhep6P30bTbs6lxfaVa/SYtnwGJyxvxMIi', 'QWqKk@gmail.com', NULL, 0, 0, NULL, NULL),
(56, 'LêĐức Tâm', '$2y$12$5E97I9smMXdWImd2DeqcH.5AB36MkuWwmHo5tngo04HfjPhZP1sGW', 'cAinN@gmail.com', NULL, 0, 0, NULL, NULL),
(57, 'HồHoàng Tâm', '$2y$12$xJLoU9aCLkGk7CjEFUk80OaPPZi8IjVOxECbDVh/AW2govNeDtAuC', 'j2jiN@gmail.com', NULL, 0, 0, NULL, NULL),
(58, 'BùiNgọc Tú', '$2y$12$ShO9QRcwA1FeJZmTw8sIfeTHxmQ.zMldPyWkl6vxgrWnM5L2kfm.6', 'cfjCa@gmail.com', NULL, 0, 0, NULL, NULL),
(59, 'Võ Thanh', '$2y$12$nZrpknoMBasDzbZ8wjVFdubclXbvZoxM9LHu/a2p5AOrLCES2Pw2m', 'zWLjR@gmail.com', NULL, 0, 0, NULL, NULL),
(60, 'ĐỗNgọc Hậu', '$2y$12$ujDR8B1hLcyE6OYLAMCcFOgHLBXGu2tk.Gpp4MSXctpSpEW3CnP/K', 'qenAK@gmail.com', NULL, 0, 0, NULL, NULL),
(61, 'LêMinh Hảo', '$2y$12$sqB/SUL3GJ.//UQcdt1AXuH4aMuh2NzV2tCaYCBmLKfakBs7ZTauu', 'KucSA@gmail.com', NULL, 0, 0, NULL, NULL),
(62, 'BùiNgọc Hậu', '$2y$12$7sc5yBmSIQFM7vU7573SFef1HZA7HYoH43JPZeoXKXi08V1Qi47Xa', 'ksRU3@gmail.com', NULL, 0, 0, NULL, NULL),
(63, 'LêHoàng Tú', '$2y$12$unCOPD203Xs./abRtBWod.OdajZ0dBL.CsXdW1HdfM5hwkhF8ZXL.', 'KUDxw@gmail.com', NULL, 0, 0, NULL, NULL),
(64, 'Phan Hải', '$2y$12$dvksa9LS.0w776Us9l8cDOfVQbVMSRUwzx2Wa03U3SHaao6oqBXJe', 'rqM76@gmail.com', NULL, 0, 0, NULL, NULL),
(65, 'ĐỗThị Tâm', '$2y$12$tfW4gPwPV2pthLF1rFKTFODT0WNX6irm9h8ZBba6UeNejrYAwIC5q', 'PVMSO@gmail.com', NULL, 0, 0, NULL, NULL),
(66, 'HồThị Hải', '$2y$12$7LlHIbTNvio4pgS4bGm3XOTfuH2/E8rEgDhqYk2JcGxhmrchlW7Ym', 'lyuNt@gmail.com', NULL, 0, 0, NULL, NULL),
(67, 'PhanVăn Hải', '$2y$12$bcPNE91poRhwUf151xcZduGNa/CH0BfvM1gEYLSL.vysk9xH06iwe', 'RShEI@gmail.com', NULL, 0, 0, NULL, NULL),
(68, 'PhanNgọc Tú', '$2y$12$36tN2NvsbOFJSsdY.LQRNu5rj755GXHDat65co4AONEZsfAfVP1b.', 'YETy4@gmail.com', NULL, 0, 0, NULL, NULL),
(69, 'BùiKim Tú', '$2y$12$Qvh/0KdcSMIaxEER5U4VoObR586bknZTYtmPGqlrXy7kZoSPFv/4C', '62UuV@gmail.com', NULL, 0, 0, NULL, NULL),
(70, 'LêVăn Hòa', '$2y$12$WJ2Ktfs2QFpGmnPgQBnjSOQKiQYDMveTYCY9KfY3bV6Xl1aCe8Omu', 'cR5xu@gmail.com', NULL, 0, 0, NULL, NULL),
(71, 'ĐỗMinh Phương', '$2y$12$W4A5J7LaYdMnTFK9JSXQpOPBz5ahK7xXhy60wFJ6N.3RQJ/Leqyti', 'UirSN@gmail.com', NULL, 0, 0, NULL, NULL),
(72, 'ĐỗVăn Hậu', '$2y$12$1POHMkMuSJUiYBmlYt1lyeBWE5Zb2Ik1ye0gD1PWcqsfxms68LtQq', 'f8Fit@gmail.com', NULL, 0, 0, NULL, NULL),
(73, 'BùiKim Hòa', '$2y$12$rohkUaWPhGhA/n5GM1DncOqg0CtiSEzhRybfJR0L6lnJmbSCYb/BW', 'uWTg2@gmail.com', NULL, 0, 0, NULL, NULL),
(74, 'BùiThị Thảo', '$2y$12$lQo0hieFMBsE0KMbXF7mhe0lyz0zt5OYtXOZnGtQQFa7mK3DCxb3i', 'vDkXx@gmail.com', NULL, 0, 0, NULL, NULL),
(75, 'VõKim Tú', '$2y$12$50HBYJ2UM7OUvZukl6y6CeT5tQtK3dtuDBC5GklGNfTQhbeFxxTeO', 'WFeV1@gmail.com', NULL, 0, 0, NULL, NULL),
(76, 'NguyễnKim Thảo', '$2y$12$QOjqbDMnHXFOpByF1NQ8be3XDopLgXDEyIbZ33GfVZAN2q9qGQJWW', 'Pp9Vg@gmail.com', NULL, 0, 0, NULL, NULL),
(77, 'HồNgọc Thảo', '$2y$12$tMu9/9zcq1mEpbtoKnncsOQV5zG6SHwFDu4Z13iwkcAU/BaOzLKM6', 'PLLY9@gmail.com', NULL, 0, 0, NULL, NULL),
(78, 'LêThị Thảo', '$2y$12$OtLUgkiHHUbIi0VVxRP3QOxD9QZpIGDxl7i1kw34poavFm37QJhcK', 'vP5U5@gmail.com', NULL, 0, 0, NULL, NULL),
(79, 'HồNgọc Thanh', '$2y$12$qMNmuOpPnobzSOQ9kGXFa.ONrrGYbD3vutX2suABKHzDHJk6tGJbq', 'Re4iU@gmail.com', NULL, 0, 0, NULL, NULL),
(80, 'LêNgọc Hậu', '$2y$12$u5xel5Ila59oqJZB7ScTo.7b0uTaSFj0.G/BFeFR69zajzAq0h9ai', 'Jivvz@gmail.com', NULL, 0, 0, NULL, NULL),
(81, 'VõThị Thảo', '$2y$12$0d36VD8XZlSuMCsVwLxuK.rNZYtjA12RS9ZeUjGxp4MFiztcPeH8q', 'XLy2D@gmail.com', NULL, 0, 0, NULL, NULL),
(82, 'BùiKim Hải', '$2y$12$WQsozVAno6v.fsfF2Tdz8eXRbBIjedOzW7tm/4Hzt4euytakFVH0q', 'MVPYf@gmail.com', NULL, 0, 0, NULL, NULL),
(83, 'VõHoàng Tú', '$2y$12$QYCXvaKjSKC0lIj69GvQou0sNvhfTs4S9/62S5wIvutBPFPwhh80y', 'E18zf@gmail.com', NULL, 0, 0, NULL, NULL),
(84, 'Bùi Hậu', '$2y$12$N7QFO7miZ.V0AqnBTHHMHeloGVkNSddrRml.6AzyW8kDlwrAVkD7i', 'upCWd@gmail.com', NULL, 0, 0, NULL, NULL),
(85, 'BùiKim Tú', '$2y$12$U9mKxZ8gQ7FtPNxeKLrnt.JtPgrMipmWyhwRn7B3rzyBUzM0J/qfm', 'bLF8U@gmail.com', NULL, 0, 0, NULL, NULL),
(86, 'LêThị Phương', '$2y$12$WbImEY/koGMRU6PanoLFl.4T3SXB2P77Q2yNJSPvLAza//MRA/ttG', '3EKRb@gmail.com', NULL, 0, 0, NULL, NULL),
(87, 'Nguyễn Hòa', '$2y$12$bG9Ds6CE8FVqBvea4ssmV.fFZ5K9iWbMc9yW/hiD7V2t4oEMFMgzS', '4RzPp@gmail.com', NULL, 0, 0, NULL, NULL),
(88, 'NguyễnĐức Hảo', '$2y$12$cLEablsfoeps1kMFEiGYqu2AkotOLFqiDtQKMsJhfmLK3w2ffPwGe', 'SeYsW@gmail.com', NULL, 0, 0, NULL, NULL),
(89, 'VõNgọc Hảo', '$2y$12$uW1bLei1jkDoBsVYYS31/ul.X1FPc2SuD6j.Mhd3CRJVaLZ2ygULy', 'u5Bzo@gmail.com', NULL, 0, 0, NULL, NULL),
(90, 'Lê Thảo', '$2y$12$GEV7aukgGf2VGpo3W3ZbgeI7EojH9yAsX9riPX5/OTjNxpcl3c68u', 'kCKfZ@gmail.com', NULL, 0, 0, NULL, NULL),
(91, 'LêHoàng Phương', '$2y$12$qy7R5rfN3we0H5xCqjeFr.fW76sxyZPELqnGo2Un2yOwX0B/FNwRa', 'DZxTZ@gmail.com', NULL, 0, 0, NULL, NULL),
(92, 'Nguyễn Hải', '$2y$12$3CgSSG03HrjEbJb4fq8PC.arYeLSsPtIcTgrizM8FQOu7mCIJ//xK', 'eBlNM@gmail.com', NULL, 0, 0, NULL, NULL),
(93, 'LêHoàng Thanh', '$2y$12$XV4I/OKb8HdsPrWyh0W9UOFKk4LHK03Hk/ZWTOLseUOievx1nIMS.', '5oQL2@gmail.com', NULL, 0, 0, NULL, NULL),
(94, 'PhanThị Hải', '$2y$12$/12ttQkxGIo.yT6es18AHO58R3dhTuWqc9M4KBuVnTfIR8..a6OCa', 'p0Hae@gmail.com', NULL, 0, 0, NULL, NULL),
(95, 'PhanNgọc Thảo', '$2y$12$SX29qBiUM7udvfWRXm5N9ORWKKH1KLycgKloi5eRCZBdiOm7jPYaW', 'UIuF0@gmail.com', NULL, 0, 0, NULL, NULL),
(96, 'ĐỗMinh Thanh', '$2y$12$McaIHiC6Ywvy.rUogEySheWbu58RvRIjvl7wbAaGTeYOw8HCJ6VZu', 'Sw1Aq@gmail.com', NULL, 0, 0, NULL, NULL),
(97, 'ĐỗNgọc Hảo', '$2y$12$RQxh17P4EMlBQL3p00mUZOs1cUJOiE4jMMsiRQcY1I3L9MN3fBiiS', 'il1lC@gmail.com', NULL, 0, 0, NULL, NULL),
(98, 'VõHoàng Tú', '$2y$12$1vn4uL6T0TlaPg7gqzQ3HOUF1/nNghaQQbEJE83DtXyGzir43mMCu', 'TkaG4@gmail.com', NULL, 0, 0, NULL, NULL),
(99, 'HồThị Hải', '$2y$12$NiFRwjH2g/Vs/fnaGyAU9OgHCG.I7BfIZ7PPIhPL8KQAW9sCeMmVy', 'Xaq46@gmail.com', NULL, 0, 0, NULL, NULL),
(100, 'LêThị Tâm', '$2y$12$n82xLjipOav5BZ0W44h1o.S5iwLXJ/kKCVCjZwRdslE5O.4.LoCW6', 'KNJtK@gmail.com', NULL, 0, 0, NULL, NULL);

-- --------------------------------------------------------

--
-- Cấu trúc bảng cho bảng `tin`
--

CREATE TABLE `tin` (
  `id` bigint(20) UNSIGNED NOT NULL,
  `created_at` timestamp NULL DEFAULT NULL,
  `updated_at` timestamp NULL DEFAULT NULL,
  `tieude` varchar(255) NOT NULL,
  `luotxem` int(11) DEFAULT NULL,
  `tomtat` text NOT NULL,
  `noidung` text NOT NULL,
  `idLT` int(11) NOT NULL,
  `ngaydang` date DEFAULT NULL
) ENGINE=InnoDB DEFAULT CHARSET=utf8mb4 COLLATE=utf8mb4_unicode_ci;

--
-- Đang đổ dữ liệu cho bảng `tin`
--

INSERT INTO `tin` (`id`, `created_at`, `updated_at`, `tieude`, `luotxem`, `tomtat`, `noidung`, `idLT`, `ngaydang`) VALUES
(1, '2024-07-12 08:57:04', '2024-07-31 06:39:05', 'Tiêu đề bài viết 1 (đã sửa)', 199, 'Tóm tắt bài viết1', 'Nội dung bài viểt1 hihi', 1, '2024-07-05'),
(2, '2024-07-12 08:57:04', '2024-07-12 08:57:04', 'Tiêu đề bài viết 2', 360, 'Tóm tắt bài viết2', 'Nội dung bài viểt2', 4, '2024-07-05'),
(3, '2024-07-12 08:57:04', '2024-07-12 08:57:04', 'Tiêu đề bài viết 3', 321, 'Tóm tắt bài viết3', 'Nội dung bài viểt3', 1, '2024-07-01'),
(4, '2024-07-12 08:57:04', '2024-07-12 08:57:04', 'Tiêu đề bài viết 4', 261, 'Tóm tắt bài viết4', 'Nội dung bài viểt4', 2, '2024-07-04'),
(5, '2024-07-12 08:57:04', '2024-07-12 08:57:04', 'Tiêu đề bài viết 5', 274, 'Tóm tắt bài viết5', 'Nội dung bài viểt5', 4, '2024-06-17'),
(6, '2024-07-12 08:57:04', '2024-07-12 08:57:04', 'Tiêu đề bài viết 6', 274, 'Tóm tắt bài viết6', 'Nội dung bài viểt6', 2, '2024-06-13'),
(7, '2024-07-12 08:57:04', '2024-07-12 08:57:04', 'Tiêu đề bài viết 7', 327, 'Tóm tắt bài viết7', 'Nội dung bài viểt7', 1, '2024-06-15'),
(8, '2024-07-12 08:57:04', '2024-07-12 08:57:04', 'Tiêu đề bài viết 8', 203, 'Tóm tắt bài viết8', 'Nội dung bài viểt8', 1, '2024-06-25'),
(9, '2024-07-12 08:57:04', '2024-07-31 20:01:25', 'Tiêu đề bài viết 9', 388, 'Tóm tắt bài viết9', 'Nội dung bài viểt9', 2, '2024-07-01'),
(10, '2024-07-12 08:57:04', '2024-07-12 08:57:04', 'Tiêu đề bài viết 10', 469, 'Tóm tắt bài viết10', 'Nội dung bài viểt10', 3, '2024-06-27'),
(11, '2024-07-12 08:57:04', '2024-07-12 08:57:04', 'Tiêu đề bài viết 11', 72, 'Tóm tắt bài viết11', 'Nội dung bài viểt11', 4, '2024-06-20'),
(12, '2024-07-12 08:57:04', '2024-07-12 08:57:04', 'Tiêu đề bài viết 12', 277, 'Tóm tắt bài viết12', 'Nội dung bài viểt12', 4, '2024-06-21'),
(13, '2024-07-12 08:57:04', '2024-07-24 07:03:19', 'Tiêu đề bài viết 13 (đã sửa)', 474, 'Tóm tắt bài viết13', 'Nội dung bài viểt13', 1, '2024-06-30'),
(14, '2024-07-12 08:57:04', '2024-07-12 08:57:04', 'Tiêu đề bài viết 14', 457, 'Tóm tắt bài viết14', 'Nội dung bài viểt14', 2, '2024-06-14'),
(18, '2024-07-31 09:07:07', '2024-07-31 09:07:07', 'son wibu chua', NULL, 'chua wibu', 'wibu', 1, NULL);

-- --------------------------------------------------------

--
-- Cấu trúc bảng cho bảng `users`
--

CREATE TABLE `users` (
  `id` bigint(20) UNSIGNED NOT NULL,
  `name` varchar(255) NOT NULL,
  `email` varchar(255) NOT NULL,
  `email_verified_at` timestamp NULL DEFAULT NULL,
  `password` varchar(255) NOT NULL,
  `remember_token` varchar(100) DEFAULT NULL,
  `created_at` timestamp NULL DEFAULT NULL,
  `updated_at` timestamp NULL DEFAULT NULL,
  `diachi` varchar(100) DEFAULT NULL,
  `idgroup` int(11) NOT NULL DEFAULT 0
) ENGINE=InnoDB DEFAULT CHARSET=utf8mb4 COLLATE=utf8mb4_unicode_ci;

--
-- Đang đổ dữ liệu cho bảng `users`
--

INSERT INTO `users` (`id`, `name`, `email`, `email_verified_at`, `password`, `remember_token`, `created_at`, `updated_at`, `diachi`, `idgroup`) VALUES
(3, 'Cecilia Kuphal', 'zziemann@example.com', '2024-07-31 07:52:48', '$2y$12$g0U0cfRH2hpX56jCRFhOc.cE6cdZXZTqR16QN/zUmebqo/QsSLb12', 'D2RCwnsWbg', '2024-07-31 07:52:48', '2024-07-31 07:52:48', NULL, 0),
(4, 'Martine Baumbach', 'roslyn.volkman@example.net', '2024-07-31 07:52:48', '$2y$12$g0U0cfRH2hpX56jCRFhOc.cE6cdZXZTqR16QN/zUmebqo/QsSLb12', 'p0Ht5ZFDov', '2024-07-31 07:52:48', '2024-07-31 07:52:48', NULL, 0),
(5, 'Mr. Mack Rutherford', 'rylan.bartell@example.org', '2024-07-31 07:52:48', '$2y$12$g0U0cfRH2hpX56jCRFhOc.cE6cdZXZTqR16QN/zUmebqo/QsSLb12', 'IJXqoVoduM', '2024-07-31 07:52:48', '2024-07-31 07:52:48', NULL, 0),
(6, 'Colin Koelpin III', 'lew.crist@example.net', '2024-07-31 07:52:48', '$2y$12$g0U0cfRH2hpX56jCRFhOc.cE6cdZXZTqR16QN/zUmebqo/QsSLb12', 'n45HCU0eYs', '2024-07-31 07:52:48', '2024-07-31 07:52:48', NULL, 0),
(7, 'Kenny Walter', 'kheller@example.com', '2024-07-31 07:52:48', '$2y$12$g0U0cfRH2hpX56jCRFhOc.cE6cdZXZTqR16QN/zUmebqo/QsSLb12', 'rh6fdq19eF', '2024-07-31 07:52:48', '2024-07-31 07:52:48', NULL, 0),
(8, 'Camren Stamm', 'tia27@example.com', '2024-07-31 07:52:48', '$2y$12$g0U0cfRH2hpX56jCRFhOc.cE6cdZXZTqR16QN/zUmebqo/QsSLb12', 'KQ1HstCh7X', '2024-07-31 07:52:48', '2024-07-31 07:52:48', NULL, 0),
(9, 'Bernie Thompson', 'rjacobson@example.com', '2024-07-31 07:52:48', '$2y$12$g0U0cfRH2hpX56jCRFhOc.cE6cdZXZTqR16QN/zUmebqo/QsSLb12', 'qKp2FYv4C3', '2024-07-31 07:52:48', '2024-07-31 07:52:48', NULL, 0),
(10, 'Emelia Schuster', 'dagmar49@example.org', '2024-07-31 07:52:48', '$2y$12$g0U0cfRH2hpX56jCRFhOc.cE6cdZXZTqR16QN/zUmebqo/QsSLb12', 'BleOyGaR5R', '2024-07-31 07:52:48', '2024-07-31 07:52:48', NULL, 0),
(11, 'Jesus Jenkins', 'meagan.grady@example.org', '2024-07-31 07:52:48', '$2y$12$g0U0cfRH2hpX56jCRFhOc.cE6cdZXZTqR16QN/zUmebqo/QsSLb12', 'IL6YisIS1w', '2024-07-31 07:52:48', '2024-07-31 07:52:48', NULL, 0),
(12, 'Lamar Hills', 'wbechtelar@example.org', '2024-07-31 07:52:48', '$2y$12$g0U0cfRH2hpX56jCRFhOc.cE6cdZXZTqR16QN/zUmebqo/QsSLb12', 'GmYB5xZBdp', '2024-07-31 07:52:48', '2024-07-31 07:52:48', NULL, 0),
(13, 'Mr. Brain Osinski', 'ernesto36@example.com', '2024-07-31 07:53:33', '$2y$12$Hbs2QlhK5uBbUzbpsI4QjO7eeCg3tCtmxX1zK9dxEApXZoChgDMy.', 'HyRvNoEmss', '2024-07-31 07:53:33', '2024-07-31 07:53:33', NULL, 0),
(14, 'Jane Ledner DDS', 'renner.taya@example.net', '2024-07-31 07:53:33', '$2y$12$Hbs2QlhK5uBbUzbpsI4QjO7eeCg3tCtmxX1zK9dxEApXZoChgDMy.', 'ZX0Uv1P2SV', '2024-07-31 07:53:33', '2024-07-31 07:53:33', NULL, 0),
(15, 'Luciano Predovic', 'maye.welch@example.net', '2024-07-31 07:53:33', '$2y$12$Hbs2QlhK5uBbUzbpsI4QjO7eeCg3tCtmxX1zK9dxEApXZoChgDMy.', 'Mg3bpuxCuL', '2024-07-31 07:53:33', '2024-07-31 07:53:33', NULL, 0),
(16, 'Ms. Kianna Johnston', 'tatyana.dibbert@example.org', '2024-07-31 07:53:33', '$2y$12$Hbs2QlhK5uBbUzbpsI4QjO7eeCg3tCtmxX1zK9dxEApXZoChgDMy.', 'nDjpMsmBYw', '2024-07-31 07:53:33', '2024-07-31 07:53:33', NULL, 0),
(17, 'Frida Kilback', 'zbahringer@example.com', '2024-07-31 07:53:33', '$2y$12$Hbs2QlhK5uBbUzbpsI4QjO7eeCg3tCtmxX1zK9dxEApXZoChgDMy.', 'yD3WAeYYct', '2024-07-31 07:53:33', '2024-07-31 07:53:33', NULL, 0),
(18, 'Mossie Schamberger', 'doyle.robbie@example.net', '2024-07-31 07:53:33', '$2y$12$Hbs2QlhK5uBbUzbpsI4QjO7eeCg3tCtmxX1zK9dxEApXZoChgDMy.', 'hx0lmtzq24', '2024-07-31 07:53:33', '2024-07-31 07:53:33', NULL, 0),
(19, 'Dr. Gerry Dooley V', 'koch.hayley@example.org', '2024-07-31 07:53:33', '$2y$12$Hbs2QlhK5uBbUzbpsI4QjO7eeCg3tCtmxX1zK9dxEApXZoChgDMy.', 'gYjchqdkuJ', '2024-07-31 07:53:33', '2024-07-31 07:53:33', NULL, 0),
(20, 'Watson Macejkovic', 'kirlin.america@example.com', '2024-07-31 07:53:33', '$2y$12$Hbs2QlhK5uBbUzbpsI4QjO7eeCg3tCtmxX1zK9dxEApXZoChgDMy.', '2elV4dQ20H', '2024-07-31 07:53:33', '2024-07-31 07:53:33', NULL, 0),
(21, 'Meghan Strosin', 'oreilly.joel@example.org', '2024-07-31 07:53:33', '$2y$12$Hbs2QlhK5uBbUzbpsI4QjO7eeCg3tCtmxX1zK9dxEApXZoChgDMy.', '6NGR2pu7aN', '2024-07-31 07:53:33', '2024-07-31 07:53:33', NULL, 0),
(22, 'Nannie Hermann', 'aidan.kuhn@example.org', '2024-07-31 07:53:33', '$2y$12$Hbs2QlhK5uBbUzbpsI4QjO7eeCg3tCtmxX1zK9dxEApXZoChgDMy.', 'QRQGkvBhNE', '2024-07-31 07:53:33', '2024-07-31 07:53:33', NULL, 0),
(23, 'Vui Từng Phút Giây', 'vuiqua@gmail.com', NULL, '$2y$12$e46fQ17TmUJP7HqUCL19XeJBrTXN3f8AJt2q4klLlIALFCQNyK7Cm', NULL, NULL, NULL, 'TPHCM', 1),
(24, 'Buồn Từng Phút Giây', 'buonqua@gmail.com', NULL, '$2y$12$g9migpgomdIBQg9fWf2vpOYrqW0Jc/DY0ymaqNhB0Aw4y0z1UOmkW', NULL, NULL, NULL, 'TPHCM', 1),
(25, 'Phan Huu Chien', 'phanhuuchien@gmail.com', NULL, '$2y$12$A5iStdwWzDEnT8rRVF0Em.fSqYHbtPIuBVraWOdA.EuTAA7Q3RgfS', NULL, NULL, NULL, 'QB', 0),
(26, 'Xin chao', 'phanhuuchien23062004@gmail.com', NULL, '$2y$12$hhO7yI5JjXP/W9l5FSLpIu8HnADeBrFUpTfcpRsdNjPnP.2Dx0kgS', 'dTOTllSNWuOEX6oh433DGh6wXRl36GwyLBOAOQvHe3LQJn6A7k9ZH7CnOFWS', '2024-07-31 07:59:23', '2024-08-05 20:55:09', NULL, 0);

--
-- Chỉ mục cho các bảng đã đổ
--

--
-- Chỉ mục cho bảng `cache`
--
ALTER TABLE `cache`
  ADD PRIMARY KEY (`key`);

--
-- Chỉ mục cho bảng `cache_locks`
--
ALTER TABLE `cache_locks`
  ADD PRIMARY KEY (`key`);

--
-- Chỉ mục cho bảng `dienthoai`
--
ALTER TABLE `dienthoai`
  ADD PRIMARY KEY (`id`),
  ADD UNIQUE KEY `dienthoai_tendt_unique` (`tenDT`),
  ADD KEY `dienthoai_idloai_foreign` (`idLoai`);

--
-- Chỉ mục cho bảng `failed_jobs`
--
ALTER TABLE `failed_jobs`
  ADD PRIMARY KEY (`id`),
  ADD UNIQUE KEY `failed_jobs_uuid_unique` (`uuid`);

--
-- Chỉ mục cho bảng `jobs`
--
ALTER TABLE `jobs`
  ADD PRIMARY KEY (`id`),
  ADD KEY `jobs_queue_index` (`queue`);

--
-- Chỉ mục cho bảng `job_batches`
--
ALTER TABLE `job_batches`
  ADD PRIMARY KEY (`id`);

--
-- Chỉ mục cho bảng `loaisp`
--
ALTER TABLE `loaisp`
  ADD PRIMARY KEY (`id`),
  ADD UNIQUE KEY `loaisp_tenloai_unique` (`tenLoai`);

--
-- Chỉ mục cho bảng `migrations`
--
ALTER TABLE `migrations`
  ADD PRIMARY KEY (`id`);

--
-- Chỉ mục cho bảng `password_reset_tokens`
--
ALTER TABLE `password_reset_tokens`
  ADD PRIMARY KEY (`email`);

--
-- Chỉ mục cho bảng `products`
--
ALTER TABLE `products`
  ADD PRIMARY KEY (`id`);

--
-- Chỉ mục cho bảng `sessions`
--
ALTER TABLE `sessions`
  ADD PRIMARY KEY (`id`),
  ADD KEY `sessions_user_id_index` (`user_id`),
  ADD KEY `sessions_last_activity_index` (`last_activity`);

--
-- Chỉ mục cho bảng `thanhvien`
--
ALTER TABLE `thanhvien`
  ADD PRIMARY KEY (`id`);

--
-- Chỉ mục cho bảng `tin`
--
ALTER TABLE `tin`
  ADD PRIMARY KEY (`id`);

--
-- Chỉ mục cho bảng `users`
--
ALTER TABLE `users`
  ADD PRIMARY KEY (`id`),
  ADD UNIQUE KEY `users_email_unique` (`email`);

--
-- AUTO_INCREMENT cho các bảng đã đổ
--

--
-- AUTO_INCREMENT cho bảng `dienthoai`
--
ALTER TABLE `dienthoai`
  MODIFY `id` bigint(20) UNSIGNED NOT NULL AUTO_INCREMENT, AUTO_INCREMENT=901;

--
-- AUTO_INCREMENT cho bảng `failed_jobs`
--
ALTER TABLE `failed_jobs`
  MODIFY `id` bigint(20) UNSIGNED NOT NULL AUTO_INCREMENT;

--
-- AUTO_INCREMENT cho bảng `jobs`
--
ALTER TABLE `jobs`
  MODIFY `id` bigint(20) UNSIGNED NOT NULL AUTO_INCREMENT;

--
-- AUTO_INCREMENT cho bảng `loaisp`
--
ALTER TABLE `loaisp`
  MODIFY `id` bigint(20) UNSIGNED NOT NULL AUTO_INCREMENT, AUTO_INCREMENT=7;

--
-- AUTO_INCREMENT cho bảng `migrations`
--
ALTER TABLE `migrations`
  MODIFY `id` int(10) UNSIGNED NOT NULL AUTO_INCREMENT, AUTO_INCREMENT=19;

--
-- AUTO_INCREMENT cho bảng `products`
--
ALTER TABLE `products`
  MODIFY `id` bigint(20) UNSIGNED NOT NULL AUTO_INCREMENT;

--
-- AUTO_INCREMENT cho bảng `thanhvien`
--
ALTER TABLE `thanhvien`
  MODIFY `id` int(10) UNSIGNED NOT NULL AUTO_INCREMENT, AUTO_INCREMENT=101;

--
-- AUTO_INCREMENT cho bảng `tin`
--
ALTER TABLE `tin`
  MODIFY `id` bigint(20) UNSIGNED NOT NULL AUTO_INCREMENT, AUTO_INCREMENT=19;

--
-- AUTO_INCREMENT cho bảng `users`
--
ALTER TABLE `users`
  MODIFY `id` bigint(20) UNSIGNED NOT NULL AUTO_INCREMENT, AUTO_INCREMENT=27;

--
-- Các ràng buộc cho các bảng đã đổ
--

--
-- Các ràng buộc cho bảng `dienthoai`
--
ALTER TABLE `dienthoai`
  ADD CONSTRAINT `dienthoai_idloai_foreign` FOREIGN KEY (`idLoai`) REFERENCES `loaisp` (`id`);
COMMIT;

/*!40101 SET CHARACTER_SET_CLIENT=@OLD_CHARACTER_SET_CLIENT */;
/*!40101 SET CHARACTER_SET_RESULTS=@OLD_CHARACTER_SET_RESULTS */;
/*!40101 SET COLLATION_CONNECTION=@OLD_COLLATION_CONNECTION */;
